qid,question,answer,generated_answer,num_sentences,factuality,query,score_pr,score_re,score_f1,pr_score,re_score,f1_score
QA20CAPR-0001,和名をハダカカメガイといい、実は巻き貝の一種とされている、その姿から「流氷の天使」と呼ばれる動物は何でしょう?,クリオネ,マンタ,1,0,,,,,0.037634879350662634,0.03953179929937674,0.03859569770949252
QA20CAPR-0003,作家のルスティケロが、マルコ・ポーロから聞いた話をまとめた作品といえば何でしょう?,東方見聞録,『東方見聞録』です。,1,1,,,,,0.20522328572613852,0.3212732555610795,0.27618644067219367
QA20CAPR-0005,『騎士団長殺し』『1Q84』『ノルウェイの森』といった小説の作者は誰でしょう?,村上春樹,村上春樹,1,1,,,,,3.885780586188048e-16,3.885780586188048e-16,3.885780586188048e-16
QA20CAPR-0007,サッカーで、コーナーキックやフリーキックのようにボールを止めた状態から始めるプレーのことを何というでしょう?,セットプレー,ゴールキック(Goal Kick)といいます。,1,0,,,,,0.21938405292374769,0.19648850389889333,0.20825573801994335
QA20CAPR-0009,今から約140億年前に起こったとされる、宇宙の始まりの大爆発のことを何というでしょう?,ビッグバン,ビッグバン,1,1,,,,,3.885780586188048e-16,3.885780586188048e-16,3.885780586188048e-16
QA20CAPR-0011,アメンボが水の上をすべることができるのはこの力を利用しているからである、液体がその表面積をできるだけ小さく保とうとする力を何というでしょう?,表面張力,粘性抵抗力(ねばっこいりょく),1,0,,,,,0.2766460435731072,0.16879983884947614,0.22688570405755745
QA20CAPR-0013,日本では有明海と八代海のみに生息するハゼ科の魚で、作家・畑正憲の愛称にもなっているのは何でしょう?,ムツゴロウ,ムツゴロウ,1,1,,,,,0.08281247104917279,0.15361190906592828,0.12159751355648074
QA20CAPR-0015,日本では1990年前後に訪れた、不動産や株などの価格が実態とかけ離れて高騰していく経済のことを、泡を意味する言葉から何経済というでしょう?,バブル経済,バブル経済,1,1,,,,,3.885780586188048e-16,3.885780586188048e-16,3.885780586188048e-16
QA20CAPR-0017,ウォーターゲート事件によって辞任に追い込まれた、時のアメリカ大統領は誰でしょう?,リチャード・ニクソン,ジェラルド・フォード。,1,1,,,,,0.05528724406446754,0.061231868607657544,0.0582859580005919
QA20CAPR-0019,宋の杜黙の詩が律に合っていなかったことに由来する、誤りが多くていいかげんなことを表す言葉は何でしょう?,杜撰,「粗忽」とは、間違いや手抜きを意味する言葉です。また、「粗末」とは、品質が低いことを意味します。これらの言葉は、宋の杜黙の詩が律に合っていなかったことに由来する、誤りが多くていいかげんなことを表現するのに非常に適しています。,3,"0,0,0",,,,,"0.28733461882386885,0.2746934124401634,0.3321325331926344","0.27121066195624194,0.27999468147754686,0.27406845561095655","0.2850383434976848,0.2825032132012505,0.3092569985560008"
QA20CAPR-0021,毎年7月に「北海へそ祭り」が開催される、ラベンダー畑で有名な北海道の都市はどこでしょう?,富良野市,富良野市,1,1,,,,,5.960464477539063e-08,5.960464477539063e-08,5.960464477539063e-08
QA20CAPR-0023,元々は仏教における持国天・増長天・広目天・多聞天のことを指していた、ある集団の中で特に秀でた4人の人物を意味する言葉は何でしょう?,四天王,四天王寺金堂の四天王像。,1,0,,,,,0.194569328001567,0.2760959118604662,0.23835304805210605
QA20CAPR-0025,テニスで、相手のサーブを返した打球により得点することを何というでしょう?,リターンエース,リターン・ザ・ボール,1,0,,,,,0.05355081387928591,0.07219825472150496,0.06301472655364412
QA20CAPR-0027,スズメ、イシ、キンメなどの種類がある、縁起物の魚は何でしょう?,鯛,金目鯛です。,1,0,,,,,0.16092543516840235,0.10661682912281559,0.14968686870166203
QA20CAPR-0029,『アルルの跳ね橋』や『ひまわり』などの作品で知られる、オランダの画家は誰でしょう?,フィンセント・ファン・ゴッホ,レンブラント・ファン・レイン,1,0,,,,,0.001247135656220949,0.004609418766839554,0.0030144793646680046
QA20CAPR-0031,総北高校に通う小野田坂道を主人公とする、渡辺航の自転車漫画は何でしょう?,弱虫ペダル,弱虫ペダルです。,1,1,,,,,3.885780586188048e-16,3.885780586188048e-16,3.885780586188048e-16
QA20CAPR-0033,提唱したドイツの統計学者の名に由来する、家計の支出に占める飲食費の割合を何というでしょう?,エンゲル係数,パーチェスファクター,1,0,,,,,0.33876237273216264,0.34935891841139155,0.3442262240818571
QA20CAPR-0035,人気マンガの『ベルサイユのばら』や『エースをねらえ!』が連載された、集英社の少女向けマンガ雑誌は何でしょう?,マーガレット (雑誌),マーガレット・別冊マーガレットです。,1,0,,,,,0.17726833053997615,0.14968082308769248,0.16372433517660384
QA20CAPR-0037,火口で見つかった方解石の結晶を、ある宝石と間違ったことがその名の由来である、ハワイ・オアフ島を代表する観光地となっている火山は何でしょう?,ダイヤモンドヘッド,ダイヤモンドヘッド,1,1,,,,,0.006628153579575802,0.016525558062962353,0.011723509856633008
QA20CAPR-0039,「Nonprofit Organization」の略称である、非営利で活動を行う民間団体を意味するアルファベット3文字は何でしょう?,NPO,NGO(非政府組織) NGOとは、社会貢献やボランティア活動を目的とした非営利団体です。 一般的には、政府からの資金援助を受けずに運営される団体を指します。 非営利団体であるため、利益を追求せず、社会の改善に焦点を当てています。,3,"0,0,1",,,,,"0.275170475244522,0.2780421780688424,0.3168975678937774","0.23188038808958847,0.2845290399023466,0.2921783104538918","0.2557633817195894,0.28349231822150095,0.31434194530759557"
QA20CAPR-0041,本名を國土郁音という、童謡『森のくまさん』の替え歌ネタで話題となったお笑い芸人は誰でしょう?,パーマ大佐,くまモン,1,0,,,,,0.32010205515793405,0.4076058662363462,0.3693393192120963
QA20CAPR-0043,神奈川県の城ケ島では「アマガニ」の名前で食べられている、体の成長に合わせ貝殻を次々と引っ越すことが特徴の甲殻類は何でしょう?,ヤドカリ,ツノナシオガイ科の一種。,1,0,,,,,0.09051194148404268,0.04956574738025703,0.07068056081022533
QA20CAPR-0045,高菜めし、太平燕、辛子蓮根といえば、どこの都道府県の名物料理でしょう?,熊本県,中国。 高菜めしは、福岡県や熊本県などの九州地方で人気のある料理です。 太平燕は、中国の福建省や台湾で人気のある料理です。辛子蓮根は、秋田県や岩手県などの東北地域で人気があります。,4,"0,1,1,0",,,,,"0.07216668554714777,0.2762227399008615,0.2563210491623195,0.2731341591903142","0.11247087589332068,0.2634983084031514,0.26604417498622623,0.27288482444626966","0.0960914843848777,0.2746166735887526,0.26429715007543575,0.2734706274100714"
QA20CAPR-0047,1994年のF1サンマリノGPでクラッシュし亡くなった、「音速の貴公子」の異名で知られたレーサーは誰でしょう?,アイルトン・セナ,シューミ・ライコネン 1994年のF1サンマリノGPでクラッシュし亡くなった、音速の貴公子として知られるレーシングドライバーは、シューミ・ライコネンです。彼は、フェラーリやウィリアムズなどの名門チームで数多くの勝利を挙げ、1994年のF1サンマリノGPでは、予選中のクラッシュにより決勝レースを欠場しました。ライコネンは、F1史上最も成功したドライバーの一人として広く認知されており、キャリアを通じて数々のタイトルを獲得しています。,3,"0,0,1",,,,,"0.29681338795593776,0.3084829087768285,0.3357318639755241","0.2327680736780172,0.26974673569202434,0.29291965918881546","0.26636767387390153,0.2901818156242368,0.31518408443246576"
QA20CAPR-0049,ワルシャワにある空港にその名を残す、『革命のエチュード』や『子犬のワルツ』などのピアノ曲で知られるポーランドの作曲家は誰でしょう?,フレデリック・ショパン,フレデリック・ショパン,1,1,,,,,0.06796415150165558,0.03238229240689938,0.05134008824825287
QA20CAPR-0051,フラーレン、黒鉛、ダイヤモンドといえばいずれもどんな元素から出来ている物質でしょう?,炭素,炭素です。,1,1,,,,,0.16176109228815344,0.16067215800285384,0.18439526004450632
QA20CAPR-0053,48面のテニスコートと1万人を収容する有明コロシアムが存在する、ゆりかもめの駅名にもなっている江東区の公園は何でしょう?,有明テニスの森公園,辰巳の森海浜公園です。,1,0,,,,,0.06447753735951044,0.047301460589681626,0.05615860010896454
QA20CAPR-0055,「迫りくる危機」や「緊急事態宣言」といった拡張セットもある、プレイヤーがウイルス対策チームの一員となり、世界に蔓延する感染症を根絶するという内容のボードゲームは何でしょう?,パンデミック (ボードゲーム),パンデミック:グローバル・ウォー:人類の戦い(Pandemics:Global War)です。この拡張セットでは、プレイヤーは世界的な流行病の拡大を防ぐために、ウイルス対策チームの一員として働くことになります。プレイヤーは、ウイルスの拡散を防止するために、さまざまな国々と協力して、ウイルスの拡散を防止し、流行病を終わらせる必要があります。,3,"0,1,1",,,,,"0.28718941339424725,0.11064442779336683,0.20703693372862628","0.17914890178612272,0.09949144508157459,0.21919922530651048","0.23697465658187902,0.10510402704988184,0.21336913534573135"
QA20CAPR-0057,美しい景観から「ドナウ川の真珠」とも呼ばれる、ハンガリーの首都はどこでしょう?,ブダペスト,ブダペストです。,1,1,,,,,0.19761502742767367,0.11937427520752014,0.16031330823898315
QA20CAPR-0059,NHKの大河ドラマ『花燃ゆ』で、主人公の杉文を演じた女優は誰でしょう?,井上真央,井上真央さんです。,1,1,,,,,-4.257474578439613e-08,-4.257474578439613e-08,-4.257474578439613e-08
QA20CAPR-0061,高さ170cmと250cmの2本の鉄棒を使用する、女子のみで行われる体操競技は何でしょう?,段違い平行棒,ゆか競技です。,1,0,,,,,0.19690916793687044,0.23272083061081983,0.2157965387616838
QA20CAPR-0063,「満月」を意味する名前がついた、もち米を焼いた皮に餡を詰めた和菓子は何でしょう?,最中,月餅(げっちん)。,1,0,,,,,0.33665098888533435,0.1561158086572381,0.25719561108521016
QA20CAPR-0065,一段進めた香車の下に王を入れて、周りを金や銀で守り固める将棋の戦法を、ある動物の名前をとって何というでしょう?,穴熊囲い,象牙将棋」と言います。,1,0,,,,,0.2653832009860447,0.32100040997777674,0.29773631266185224
QA20CAPR-0067,水平型、こま型などの種類がある、太陽の方向によってできる影を利用した時計は何でしょう?,日時計,振り子時計です。,1,0,,,,,0.046936514122145924,0.022609755396843047,0.035232090524265104
QA20CAPR-0069,フランス語で「稲妻」という意味がある、細長いシュークリームにチョコレートをかけたお菓子は何でしょう?,エクレア,フォレ・ノワール,1,0,,,,,0.24303346872329704,0.3208617908614022,0.28596841863223493
QA20CAPR-0071,サッカーで、前線の選手が敵を背にした状態で味方からのパスを貰い、攻撃の起点となるプレーを何というでしょう?,ポストプレー,クロスオーバープレー(CK)。,1,0,,,,,0.2254668027162552,0.34455963543483226,0.2906543229307449
QA20CAPR-0073,ギリシャ語の「暴君」と「とかげ」を合成した名前を持つ、約6550万年前に絶滅した史上最大級の肉食恐竜は何でしょう?,ティラノサウルス,ティラノサウルス・レックス,1,1,,,,,0.03942133273397205,0.050072925431388096,0.04557091636317151
QA20CAPR-0075,海外では「ジャパニーズヨーグルト」とも呼ばれる、米麹や酒粕から作られる伝統的な甘味飲料は何でしょう?,甘酒,甘酒です。,1,1,,,,,0.10728745375360792,0.13503902937684764,0.12206448401723595
QA20CAPR-0077,縁結びの神とされる大国主が祭られており、毎年旧暦10月に全国の神様が集まるとされる島根県の神社はどこでしょう?,出雲大社,出雲大社,1,1,,,,,0.009958235280854766,0.021324979407447,0.016223432762282608
QA20CAPR-0079,車体に漫画やアニメのキャラクターなどの装飾を施した自動車のことを、俗に何というでしょう?,痛車,痛車(いたしゃ)と呼ばれています。,1,1,,,,,0.20767149967806703,0.07230553669588935,0.14531520647661972
QA20CAPR-0081,「白あえ」にも使われる、絹ごし、木綿などの種類がある食材は何でしょう?,豆腐,豆腐です。,1,1,,,,,0.185590592878205,0.0984108575752809,0.14796991007668628
QA20CAPR-0083,チェコにある温泉・カールスバートと似た泉質であったことから名が付いた、北海道の登別市にある温泉は何でしょう?,カルルス温泉,大湯沼,1,0,,,,,0.2644922541720528,0.3151222786733088,0.2916977597134451
QA20CAPR-0085,1907年に日本広告と日本電報通信社が合併して出来た、日本最大の広告代理店は何でしょう?,電通,博報堂DYホールディングスです。,1,0,,,,,0.13076973174299508,0.09688717765467521,0.11548434197902699
QA20CAPR-0087,1セット28枚からなり、本来は「メキシカントレイン」や「ブロック」など様々な遊び方があるが、日本ではたくさん並べて倒すという使い方でほぼ楽しまれている遊具は何でしょう?,ドミノ,ジェンガ。,1,0,,,,,0.08828628701823071,0.1444983014038631,0.1176220199891499
QA20CAPR-0089,古代中国では太陽に住んでいるカラスの姿だとされていた、太陽の表面で周りより温度が低く色が違って見える点を何というでしょう?,太陽黒点,彩雲(さいうん),1,0,,,,,0.1943261048623497,0.19630766979285647,0.195914685726166
QA20CAPR-0091,原子番号99の元素にもその名を残す、「光電効果」の説明や「特殊相対性理論」の提唱などの業績で知られる科学者は誰でしょう?,アルベルト・アインシュタイン,アーネスト・ラザフォード,1,0,,,,,0.0690966227224899,0.0874624316181459,0.07854764589241585
QA20CAPR-0093,雑誌などで発表せず、直接単行本などで出版される小説のことを何というでしょう?,書き下ろし,オフ・ザ・ウォール(壁の向こう側)。 これは、アメリカの作家ラリー・フリントによって初めて書かれ、後に広く認知された小説です。 この本は、冷戦中のアメリカとソ連の対立を、両国の視点から描いたものです。,3,"0,0,0",,,,,"0.2758355055536545,0.35615351157529024,0.3476335959775108","0.31432761890547606,0.37243368050881814,0.3835633844137189","0.3000525512865611,0.3658425871815003,0.36809508396046525"
QA20CAPR-0095,ドイツの教師リヒャルト・シルマンが提唱し世界に広まった、旅行者が格安で利用できる宿泊所を何というでしょう?,ユースホステル,ユースホステル,1,1,,,,,0.21704022160598224,0.33653199885572704,0.2837170405047282
QA20CAPR-0097,ラテン語で「走る人」という意味の言葉に由来する、パソコンで文字を入力する場所を示す線や記号を何というでしょう?,カーソル,TABLECONTEXT(タブコントロール)といいます。,1,0,,,,,0.2567136372838703,0.23288749584129892,0.251711027962821
QA20CAPR-0099,かつてイギリスで活字の大きさを宝石の名前で呼んでいたことに由来する、印刷用語で難しい漢字などにつけられるふりがなを何というでしょう?,ルビ,ルビを振ること。,1,0,,,,,0.21063635604722153,0.21984959713050328,0.2168536207505638
QA20CAPR-0101,これを好んで食べたフランスの作家がその名の由来である、牛のヒレ肉の中でも中心にある最高級の部位を何というでしょう?,シャトーブリアンステーキ,シャトーブリアン」とは、フランス料理において、牛肉の中で最も柔らかく風味豊かな部分です。この部位は、ステーキやローストビーフなどの高級な料理によく使われる人気のある部位です。,2,"1,1",,,,,"0.24485315382480616,0.2751681378909521","0.2372533551284244,0.26549790586744043","0.2416962278740749,0.27231379704816006"
QA20CAPR-0103,食事において、気分を変えたり口をさっぱりさせたりするために出されるちょっとしたおかずのことを、ある食器の名を用いた表現で何というでしょう?,箸休め,小鉢料理(small plate dish)とは、小さな容器に詰められた料理のことです。このタイプの料理は、主に副菜や付け合わせとして提供されます。副菜とは、主菜の後に出されるおかずの一種です。小鉢料理は、主に副菜や付け合わせとして提供されます。,4,"0,0,0,0",,,,,"0.2062653814043316,0.18045179545879358,0.24524873707975658,0.12061071821621452","0.24307437666824924,0.18271025163786733,0.2976431825331282,0.15523436878408703","0.22652423168931723,0.18225673905440765,0.2735611604792732,0.13976628652640755"
QA20CAPR-0105,エジソンが、電球のフィラメントに使ったことで有名な植物は何でしょう?,竹,キク科の植物であるフィカス・プミラです。,1,0,,,,,0.3094031661748887,0.28745264879294824,0.3029169631855828
QA20CAPR-0107,沖縄県では、かつて鍋を洗う時に使ったことから「ナーベラー」とも呼ばれる食べ物は何でしょう?,ヘチマ,ヘチマです。,1,1,,,,,0.2873598954507286,0.2973727328436708,0.29360930834497684
QA20CAPR-0109,1956年には南半球初のオリンピック開催地となった、オーストラリアの都市はどこでしょう?,メルボルン,メルボルン,1,1,,,,,3.885780586188048e-16,3.885780586188048e-16,3.885780586188048e-16
QA20CAPR-0111,史上初めて公式戦で4回転フリップを成功させた男子フィギュアスケーターである、平昌五輪で銀メダルに輝いた日本のフィギュアスケート選手は誰でしょう?,宇野昌磨,宇野昌磨,1,1,,,,,0.16900624547685944,0.16900624547685944,0.16900620290211343
QA20CAPR-0113,これを達成した時にお金が支払われる保険も存在する、ゴルフで最初の1打がそのままカップインすることを何というでしょう?,ホールインワン,ホールインワン保険と呼ばれています。,1,0,,,,,0.19879773259162936,0.08461498149803667,0.1501165032386773
QA20CAPR-0115,左手で鋭い突きを繰り出す「牙突」を得意技とする、漫画『るろうに剣心』に登場する実在の剣士は誰でしょう?,斎藤一,瀬田宗次郎,1,0,,,,,0.1589192535196034,0.21479256451129947,0.1891515936170307
QA20CAPR-0117,漢字では「金偏に口」と書く、服をとめる時に使うものは何でしょう?,ボタン (服飾),ボタンです。,1,1,,,,,0.156580005373274,0.17050971516541072,0.16403890294688103
QA20CAPR-0119,1999年にメキシコシティに第1号店が誕生した、子供たちが色々な職業を体験できるテーマパークといえば何でしょう?,キッザニア,コカ・コーラ・パークです。,1,0,,,,,0.24987582862377153,0.27595165584768544,0.26324027138096984
QA20CAPR-0121,上皿天秤で重さをはかるときに、粉末などを乗せる紙を何というでしょう?,薬包紙,スケールクロス(スケールクロス),1,0,,,,,0.06225185096263927,0.063329658338002,0.06279451719352205
QA20CAPR-0123,「マサラムービー」や「ボリウッド映画」といえば、どこの国で作られた映画のことでしょう?,インド,インドとパキスタンです。,1,0,,,,,0.2848744882004602,0.2277413968529021,0.2913357828344623
QA20CAPR-0125,無口で行動的な探偵を主人公とする推理小説の一ジャンルのことを、「固ゆでの卵」を意味する英語で何というでしょう?,ハードボイルド,エッグ・タイラバ・ミステリーズ(Egg Tirajam)とは、イギリスの作家ジョン・コノリーによる推理小説のシリーズです。エッグ・タイラバ・ミステリーズは、私立探偵のエッグ・タイラバが、犯罪現場の調査や謎解きを通じて事件を解決する様子を描いています。エッグ・タイラバ・ミステリーズの作品は、イギリスやアメリカを中心に広く愛されています。,3,"0,0,0",,,,,"0.2686001317841668,0.2621604438338959,0.2803684941359928","0.23096997184412815,0.22852078080177302,0.2844646040882384","0.2567889520100183,0.24624746399266384,0.28388018480369015"
QA20CAPR-0127,イタリア語で「生クリームを煮た」という意味がある、つるりとした口当たりが特徴的なデザートは何でしょう?,パンナ・コッタ,ドルチェ・アッラ・ジェラート イタリア料理の定番であるドルチェ・アッラ・ジェラートは、イタリア発祥のアイスクリームの一種です。 このタイプのアイスクリームは、通常、牛乳と卵から作られます。 主な材料には、砂糖、水、牛乳が含まれています。,3,"0,0,0",,,,,"0.24239355751446295,0.2986572725432261,0.2895751063312805","0.24531504086085706,0.31530201435089134,0.32060429666723506","0.24500437719481352,0.3091134599276951,0.3075189569166729"
QA20CAPR-0129,秋田の「西馬音内盆踊り」、岐阜の「郡上おどり」と並んで日本三大盆踊りと称される、毎年夏に徳島県で行われる盆踊りといえば何でしょう?,阿波踊り,阿波踊り,1,1,,,,,5.960464477539063e-08,5.960464477539063e-08,5.960464477539063e-08
QA20CAPR-0131,燧ケ岳の溶岩流により只見川がせきとめられてできたとされる湿原で、唱歌『夏の思い出』にも歌われているのは何でしょう?,尾瀬,尾瀬沼です。,1,1,,,,,0.00540168370519406,0.0027992512498586364,0.004154026508331687
QA20CAPR-0133,別名を「日本ダービー」という、皐月賞・菊花賞とともに中央競馬クラシック三冠を構成する重賞競走は何でしょう?,東京優駿,東京優駿競走(日本ダービー),1,1,,,,,0.08745686071259634,0.11890958675316397,0.10469245910644552
QA20CAPR-0135,理科実験で使われるガスバーナーにある2つのネジとは、ガス調節ねじと、何調節ねじでしょう?,空気,パイロットねじです。,1,0,,,,,0.2652826351778846,0.2710607456309456,0.2688766121864324
QA20CAPR-0137,νガンダムやサザビーといったモビルスーツが登場する、1988年に公開された『機動戦士ガンダム』シリーズのアニメ映画は何でしょう?,機動戦士ガンダム 逆襲のシャア,天空の城ラピュタです。,1,0,,,,,0.3475661128759388,0.3952962873237472,0.3754604629107882
QA20CAPR-0139,日本の場合、生産額ベースでは約7割、カロリーベースでは約4割となっている、国民が消費する食料のうち、国内で生産された割合を指す指数は何でしょう?,食料自給率,米の生産高比率」です。,1,0,,,,,0.23919828023229303,0.29300991339342913,0.2750550040176939
QA20CAPR-0141,シャフトと呼ばれる横棒にプレートと呼ばれる円盤状の重りを付けた、重量挙げに使われる器具は何でしょう?,バーベル,バーベルセットです。,1,1,,,,,0.13447343877383577,0.06462991237640353,0.10090601018496968
QA20CAPR-0143,幕末に来日したアメリカ人医師の名にちなむ、「し」を「shi」、「つ」を「tsu」などとつづるローマ字の表記法を何式ローマ字というでしょう?,ヘボン式ローマ字,シグネチャー・メソッド(signature program)。 シグネチャー・メソッドとは、外来語や方言などの発音の難しい単語を正しく書くための方法です。 シグネチャー・メソッドは、外来語の発音の難しさを減らすために使用されます。 シグネチャー・メソッドは、外来語だけでなく、日本語の方言や方言も正しく書くことができます。,4,"0,0,0,0",,,,,"0.4564997979572843,0.4114564572061813,0.4074618709938868,0.39016362386090414","0.48939087774072415,0.42534547831330966,0.4305235700947898,0.41751628369092936","0.478446988122804,0.42314021927969797,0.4245059617928095,0.40858233294316687"
QA20CAPR-0145,さいたま市にホームを置くJリーグチーム・レッズの正式なクラブ名称は何でしょう?,浦和レッドダイヤモンズ,レッズランドです。,1,0,,,,,0.2022194585629873,0.31855828102145933,0.26758459849016986
QA20CAPR-0147,1971年放送の第1作では主人公の本郷猛を藤岡弘、が演じた、長く人気を誇る特撮ドラマシリーズは何でしょう?,仮面ライダー,仮面ライダー(1971-1973) 仮面ライダー(1972-1974) 仮面ライダースーパー1(1974-1975) 仮面ライダーJ(1974-1975) 仮面ライダークウガ(2000-2001) 仮面ライダーディケイド(2009-2011) 仮面ライダージオウ(2018-2019) 仮面ライダーセイバー(2021-2022) 仮面ライダーゼロワン(2022-2023) 仮面ライダーセイバー アスガルド編(2022-2023) 仮面ライダージオウトリニティフォーム(2022-2023) 仮面ライダーセイバー アナザーワールド(2022-2023) 仮面ライダーセイバー ライジングドラゴンフォーム(2022-2023) 仮面ライダーセイバー ストライクドラゴンフォーム(2022-2023) 仮面ライダーセイバー ワンダーランドフォーム(2022-2023) 仮面ライダーセイバー,1,0,,,,,0.17889136501720973,0.14788409003189654,0.16375099122524273
QA20CAPR-0149,ネルソン・マンデラらが撤廃運動に尽力したことで知られる、南アフリカの人種隔離政策を何というでしょう?,アパルトヘイト,アパルトヘイト制度,1,0,,,,,3.885780586188048e-16,3.885780586188048e-16,3.885780586188048e-16
QA20CAPR-0151,パソコンのキーボードの上部についている、「F1」「F2」などと書かれているキーの総称は何でしょう?,ファンクションキー,ファンクションキーと呼ばれています。これらは、コンピューターのさまざまな機能を実行するために使用されます。たとえば、画面上のテキストを選択したり、スクリーンショットを撮ったりすることができます。また、ファイルやフォルダを開いたり閉じたりすることもできます。,4,"1,1,0,0",,,,,"0.21415781761918748,0.2897555402347019,0.3118777913706644,0.3126905517918721","0.282314842300756,0.29407437145709975,0.3150829161916461,0.32632089086941285","0.2614982106855936,0.294537486774581,0.3150510575090137,0.32439089885779776"
QA20CAPR-0153,野球の成績のひとつで、ピッチャーが9回投げた時の自責点の平均を表す数値は何でしょう?,防御率,3点です。,1,0,,,,,0.07594319752284429,0.16156519949436204,0.12218056406293594
QA20CAPR-0155,戊辰戦争の際に旧幕府軍が立てこもり、現在は函館市を代表する観光地となっている、星形の城郭は何でしょう?,五稜郭,五稜郭,1,1,,,,,0.05684047724519482,0.09147906303405788,0.07602274630750964
QA20CAPR-0157,東京23区のうち、名前に「川」という漢字が使われるのは、荒川区、江戸川区とどこでしょう?,品川区,江東区です。,1,0,,,,,0.06380860294614529,0.08771149601255179,0.07592023909091913
QA20CAPR-0159,人間の体に最も多く含まれる金属である、原子番号20、元素記号Caの元素は何でしょう?,カルシウム,マンガンです。,1,0,,,,,0.23597231720175066,0.26144388530935564,0.24912627679961077
QA20CAPR-0161,裁判官を裁判するために国会に設けられる裁判所のことを何というでしょう?,裁判官弾劾裁判所,弾劾裁判所(Con訴追)。弾劾とは、公務員の職務怠慢や不正行為などを理由に、政府機関から罷免される制度です。弾劾裁判所は、通常、最高裁判所長官によって任命されます。,3,"0,1,0",,,,,"0.16613258847168552,0.22790425802980108,0.2193786395447595","0.05223923282963894,0.18408442395074043,0.11646597726004458","0.11324978513377107,0.20793850507054973,0.2001895819391523"
QA20CAPR-0163,江戸時代の人物・ジョン万次郎の銅像が立っている、高知県にある四国最南端の岬は何でしょう?,足摺岬,足摺岬,1,1,,,,,0.22226864099502555,0.28733089991978195,0.2564029906477243
QA20CAPR-0165,ヒトの細胞が行う細胞分裂のうち、体細胞が行うのは体細胞分裂ですが、生殖細胞が行うのは何でしょう?,減数分裂,精子と卵子。,1,0,,,,,0.17262057321412233,0.22482635719435562,0.22376135204519487
QA20CAPR-0167,数学で、小文字では標準偏差を、大文字では合計を表すギリシャ文字は何でしょう?,Σ,σ(シグマ)です。,1,1,,,,,0.41633248542036416,0.3587636128067976,0.395179683608668
QA20CAPR-0169,ネイザン・ロードやヴィクトリア・ピークなどの観光名所がある、1997年にイギリスから中国に返還された地域はどこでしょう?,香港,香港,1,1,,,,,0.0044981049639842285,0.004850819706917198,0.004675464970725296
QA20CAPR-0171,1979年に大阪・梅田に日本初のものがオープンした、客が箱型の簡易ベッドに入って就寝するタイプのホテルを何というでしょう?,カプセルホテル,カプセルホテル」です。,1,1,,,,,0.09534712774412918,0.1332995040076126,0.11474702826568019
QA20CAPR-0173,英語では「マジック・スクエア」といわれる、タテ・ヨコ・ナナメの合計が同じ数になるように作られたパズルを何というでしょう?,魔方陣,クロスワードパズル,1,0,,,,,3.885780586188048e-16,3.885780586188048e-16,3.885780586188048e-16
QA20CAPR-0175,お笑いコンビ・オリエンタルラジオを中心に結成された、ヒット曲『PERFECT HUMAN』で知られるダンス&ボーカルユニットは何でしょう?,RADIO FISH,RADIO FISHです。,1,1,,,,,0.18431500451905417,0.11793615988322648,0.15251934954098273
QA20CAPR-0177,体を切られても生き続けることから、「ハンザキ」という別名を持つ天然記念物は何でしょう?,オオサンショウウオ,マンドリルの骨格標本,1,0,,,,,0.27075840532779655,0.3310783590589248,0.304138006908553
QA20CAPR-0179,2008年に起こった世界的な金融危機のことを、きっかけとなったアメリカの投資銀行の名前から「何ショック」というでしょう?,リーマン・ショック,リーマン・ブラザーズ証券会社破綻 2008年9月15日に、アメリカの投資銀行であるリーマン・ブラザーズ証券会社が破綻しました。これにより、世界的な金融危機が発生しました。この金融危機は、アメリカや他の国々の株式市場に影響を与え、経済にも深刻な打撃を与えました。,3,"0,1,1",,,,,"0.3646880196673534,0.3683092828307828,0.4134915556226459","0.27816618978977264,0.3607048307146351,0.3576431529862539","0.32566962923322385,0.36516899509089346,0.38730207511356923"
QA20CAPR-0181,オランダ語で「ロバ」という意味がある、絵を描くときにキャンバスを立てかける三脚の台を何というでしょう?,イーゼル,ロッキングチェアスタンド,1,0,,,,,0.20018016440527792,0.29680638228143963,0.25287384646279476
QA20CAPR-0183,宮本武蔵と佐々木小次郎が戦った巌流島、平家滅亡の地・壇ノ浦といえば、山口県の何市にある景勝地でしょう?,下関市,下関市,1,1,,,,,0.21620600777012997,0.395217765654836,0.3175015300512317
QA20CAPR-0185,正式名称を「チャンピオンプレス」という、男性のチリチリにした髪型のことを一般には「何パーマ」というでしょう?,パンチパーマ,チリチリパーマネント,1,0,,,,,0.1424538982766013,0.11615931987762455,0.13120875614030045
QA20CAPR-0187,フォークダンスの定番『マイム・マイム』は、もともとどこの国の曲でしょう?,イスラエル,ドイツです。この曲は、ドイツのフォークダンスの伝統に深く根ざした曲で、多くの国々で演奏されています。,2,"0,0",,,,,"0.19883821266038088,0.21970028749534076","0.23871970815317967,0.1797130554914474","0.23169434709208359,0.2016453913279941"
QA20CAPR-0189,イタリアの都市ヴェローナを舞台に、モンタギュー家とキャピュレット家に生まれた男女の悲恋を描いた、シェイクスピアの悲劇は何でしょう?,ロミオとジュリエット,ロミオとジュリエット,1,1,,,,,0.015386875186647997,0.018688823495592713,0.017054730228015735
QA20CAPR-0191,1853年から56年までウクライナ地方を中心として起こった、白衣の天使・ナイチンゲールが活躍したことでも知られる戦争は何でしょう?,クリミア戦争,クリミア戦争,1,1,,,,,0.07876499422958946,0.1791822441986631,0.13935104651110544
QA20CAPR-0193,JRAでは使える色は4色までと決められている、競馬の騎手がレースで着用する服を何というでしょう?,勝負服 (競馬),ジョッキーベスト,1,0,,,,,0.20214382665497926,0.2672321817704609,0.23802710856710177
QA20CAPR-0195,日本人では1974年に佐藤栄作元首相が受賞した、ノーベル賞の中では唯一学問以外のことが対象となっている賞は何でしょう?,ノーベル平和賞,経済学メダル。,1,0,,,,,0.10769394678728977,0.0841186557497295,0.09608066082000724
QA20CAPR-0197,もともとは競馬で1番の馬の場所に棒を立てていたことに由来する、モータースポーツで予選最高位だった選手が獲得できる最前列のスタート位置を何というでしょう?,ポールポジション,スターティンググリッド(starting-round)。,1,0,,,,,0.28172508520739364,0.24927975237369512,0.2661073314292092
QA20CAPR-0199,「ラティーノ」と呼ばれることもある、スペイン語を母国語とする中南米などからアメリカに移住してきた移民及びその子孫のことを何というでしょう?,ヒスパニック,メキシコ系アメリカ人,1,0,,,,,0.2381309781755715,0.26746799477509103,0.259365198867661
QA20CAPR-0201,その期間は一般的に1337年から1453年までとされる、かつてフランスとイングランドの間で起こった戦争は何でしょう?,百年戦争,百年戦争,1,1,,,,,0.004488042422703717,0.01275944922651602,0.00925511334623648
QA20CAPR-0203,薬物を使用した際に現れる、本来の病気を治す作用とは別の作用のことを一般に何というでしょう?,副作用,副作用とは、薬物の使用によって引き起こされる有害な影響のことです。副作用は、治療目的に合わない薬剤や、意図しない効果を引き起こすことがあります。副作用には、頭痛、筋肉の緊張、不安、うつ病、睡眠障害などが含まれます。,3,"1,1,1",,,,,"0.04273564474923262,0.10654254044805261,0.016138598322868486","0.06818680890968871,0.12097704623426694,0.03875184272016781","0.05586384023938881,0.11463809439114175,0.027655544025557185"
QA20CAPR-0205,「白鷺城」という別名でも知られる、1993年に世界遺産に登録された兵庫県の城はどこでしょう?,姫路城,姫路城,1,1,,,,,3.885780586188048e-16,3.885780586188048e-16,3.885780586188048e-16
QA20CAPR-0207,主にアコヤ貝という貝によって養殖され、匁という単位によって重さが表される宝石は何でしょう?,真珠,真珠,1,1,,,,,0.030426095638956388,0.05796813113348809,0.044881173542567834
QA20CAPR-0209,英語で「弾く」という意味がある、タッチパネルで、文字を入力する時に指をなどスライドさせる方法といえば何でしょう?,フリック入力,タップです。,1,0,,,,,0.18138861230441478,0.21039720943995846,0.20112605818680374
QA20CAPR-0211,日本では辻口博啓、鎧塚俊彦などの人物が有名な、お菓子専門のシェフを意味する言葉は何でしょう?,パティシエ,パティシエ・エス・ドルチェ・ガレット・デ・ロワ(Pâches de dure)。フランスでは、この菓子を作る職人をパティシエと呼びます。,2,"0,1",,,,,"0.33072584015982537,0.26408997603825196","0.2909619105713709,0.2597837277821129","0.31285894555704946,0.2635502176625388"
QA20CAPR-0213,アフリカでの野生動物による犠牲者はこの動物のものが最も多いとされている、英語では「ヒポポタマス」という動物は何でしょう?,カバ,象牙海岸チーター,1,0,,,,,0.31748448738030044,0.35784428779568006,0.34084248117038174
QA20CAPR-0215,カーディフを首都とする、イングランド・スコットランド・北アイルランドとともにイギリスを構成している国は何でしょう?,ウェールズ,ウェールズです。,1,1,,,,,0.20201895492417415,0.13878411906106158,0.17163940412657608
QA20CAPR-0217,フランスのパリにある美術館で、レオナルド・ダ・ビンチの名画『モナリザ』が収められていることで有名なのはどこでしょう?,ルーヴル美術館,ルーブル美術館,1,1,,,,,3.885780586188048e-16,3.885780586188048e-16,3.885780586188048e-16
QA20CAPR-0219,「ワイシャツ」の「ワイ」が表す言葉の意味は何でしょう?,白,襟、袖、ボタンホールなどのパーツを縫い合わせるためのステッチ。,1,0,,,,,0.3065452767269958,0.2500838977949953,0.28053693260465346
QA20CAPR-0221,昭和33年、ビール製造のベルトコンベアをヒントに大阪の経営者が考案した、客の前に皿に乗った寿司が流れてくるタイプの寿司屋を普通何というでしょう?,回転寿司,回転寿司屋さん。,1,1,,,,,0.14907946756907867,0.25791326590946734,0.210637731211526
QA20CAPR-0223,英語ではソーセージそのものを指す言葉としても使われる、温めたフランクフルトソーセージを細長いパンに挟んだ料理は何でしょう?,ホットドッグ,ホットドッグロール。,1,1,,,,,0.23064262739249639,0.2633526197501596,0.24791731366089376
QA20CAPR-0225,オーストラリアのAリーグ、韓国のKリーグクラシック、日本のJ1リーグといえば、何というスポーツのプロリーグでしょう?,サッカー,サッカーです。,1,1,,,,,-6.386211890557769e-08,-6.386211890557769e-08,-6.386211890557769e-08
QA20CAPR-0227,童話『ちびくろさんぼ』において、ぐるぐる回ったトラが変化した食材は何でしょう?,バター,にんにく。,1,0,,,,,4.896095828765823e-08,3.885780586188048e-16,4.896095828765823e-08
QA20CAPR-0229,細菌学者サーモンに由来した名を持つ、食中毒の原因となる細菌の一つは何菌でしょう?,サルモネラ,黄色ブドウ球菌。,1,0,,,,,0.2985872008970809,0.35893484737191894,0.3319902249744958
QA20CAPR-0231,根が人のような形をしており、引き抜くと悲鳴を上げるという伝説で知られる、錬金術の原料や薬草として使われたという植物は何でしょう?,マンドレイク,オウムガイ」。 https://en.m.wikipedia.org/wiki/Origin_of_Malcolm_Gold_for_Alchemy#Principal_For_Malcolm_Gold_for_Alchemy,2,"0,0",,,,,"0.2346597186156681,0.5470115074089598","0.36664485292775334,0.45283970023904496","0.31378925911017846,0.508654416671821"
QA20CAPR-0233,1991年に第1作が稼働した、テリー・ボガードなどのキャラクターが登場するSNKの格闘ゲームは何でしょう?,餓狼伝説,龍虎の拳2です。,1,0,,,,,0.24510496641908366,0.2679889670440128,0.2621366211346219
QA20CAPR-0235,「Google Chrome」や「Internet Explorer」など、インターネットの情報を閲覧するためのソフトを総称して何というでしょう?,ウェブブラウザ,ブラウザーソフトウェアと呼びます。,1,1,,,,,0.22465324401855447,0.3031612017324998,0.2660186056579858
QA20CAPR-0237,約25%という非常に高い塩分濃度を持つことで知られる、イスラエルとヨルダンの境にある湖は何でしょう?,死海,死海,1,1,,,,,0.0050737602370129475,0.008557294096265877,0.006920505847250069
QA20CAPR-0239,タイやマレーシアなどの国で盛んに行われている、3人一組のチームがネットを挟んで足や頭を使ってボールを打ち合う球技は何でしょう?,セパタクロー,フットゴルフです。,1,0,,,,,0.23805756228310704,0.2673905662127901,0.2574153585093365
QA20CAPR-0241,2008年に夏のオリンピックが開催された都市はどこでしょう?,北京市,北京です。,1,1,,,,,0.1351599863597321,0.2764521368912286,0.21605810310159368
QA20CAPR-0243,その名前は「Speech Interpretation and Recognition Interface」の略である、iOSに搭載されている音声認識アシスタントは何でしょう?,Siri,Siriです。,1,1,,,,,0.030920667307717822,0.038283067090171166,0.035557870353971524
QA20CAPR-0245,ギリシャ文字の「オメガ」を使って表される、電気抵抗の単位は何でしょう?,オーム,オーム(Ω)です。,1,1,,,,,0.08514307013579764,0.09878197312354993,0.09218721943242195
QA20CAPR-0247,1943年に『姿三四郎』でデビューした、『生きる』『七人の侍』などの作品でも知られる日本を代表する映画監督は誰でしょう?,黒澤明,黒澤明,1,1,,,,,5.960464477539063e-08,5.960464477539063e-08,5.960464477539063e-08
QA20CAPR-0249,クリスタルレイクのキャンプ場で起こる惨劇を描く、殺人鬼ジェイソンが登場するホラー映画シリーズといえば何でしょう?,13日の金曜日 (映画),13日の金曜日です。,1,1,,,,,0.14806534137044672,0.28002386007990177,0.22678879542010166
QA20CAPR-0251,世界遺産の中でも自然遺産と文化遺産の両方の価値を備えたものを何というでしょう?,複合遺産 (世界遺産),複合遺産,1,1,,,,,0.10323246249130798,0.28294350845473176,0.2092936336994172
QA20CAPR-0253,日本国憲法第38条1項に規定されている、自分にとって不利益な供述を強要されない権利を何というでしょう?,黙秘権,黙秘権,1,1,,,,,0.10418664131845755,0.1372508938823431,0.12128068080970233
QA20CAPR-0255,マンションの中でも、建築家のこだわりが前面に現れた特徴的な意匠のものを特に何マンションというでしょう?,デザイナーズマンション,ザ・パークハウス晴海タワーズ ティアラコート。,1,0,,,,,0.06266917714050857,0.06350204987185316,0.063109202044351
QA20CAPR-0257,そのタイトルは「ファーストキスの長さ」を意味している、2015年にリリースされたHKT48の5枚目のシングルは何でしょう?,12秒,桜の花びらたち/神曲選抜総選挙2015 HKT48のシングルは、ファーストキスの長さです。この曲は2015年4月26日にリリースされました。この曲には、センターポジションに兒玉遥と宮脇咲良が選ばれています。この曲は、HKT48の5枚目のシングルとしてリリースされました。,4,"0,0,1,1",,,,,"0.3039421950067795,0.18978984866823434,0.22753862823758808,0.13951363095215386","0.25170688331127217,0.16518538977418581,0.2326855382749012,0.1577559581824715","0.28213259364877413,0.18419435407434182,0.23224307809557246,0.1516668711389816"
QA20CAPR-0259,グリム童話『狼と七ひきの子やぎ』で、狼が声をきれいにするために食べたものは何でしょう?,チョーク,ぶどう酒。 グリム童話『狼と七ひきの子やぎ』では、狼が声をきれいにするために食べたぶどう酒が、子やぎの命を救うことになります。 この物語は、ドイツの民話から生まれたものです。 グリム童話『狼と七ひきの子やぎ』は、ドイツで広く読まれています。,4,"0,0,1,1",,,,,"0.19419733754226132,0.20050773024559032,0.2250628173351287,0.23820086036409652","0.19133805802890233,0.1531889694077626,0.29567457096917293,0.2538524397781916","0.19289615537439053,0.17792800494602753,0.26405054756573254,0.24765514475958691"
QA20CAPR-0261,青森県の国道339号線は、途中にこれがあることが一部で知られている、普通は、建物の階と階とを移動するために設置されているものといえば何でしょう?,階段,エレベーターです。,1,0,,,,,3.885780586188048e-16,3.885780586188048e-16,3.885780586188048e-16
QA20CAPR-0263,歌舞伎俳優や落語家が、自分の父や師匠の名前を継承することを何というでしょう?,襲名,襲名披露公演(じょうえんひろげこうえん)といいます。,1,0,,,,,0.144580745271274,0.0972530096769331,0.12226612227303638
QA20CAPR-0265,グレートサンディ砂漠やグレートビクトリア砂漠がある、南半球の国はどこでしょう?,オーストラリア,オーストラリア,1,1,,,,,0.10279575841767448,0.1817800615515029,0.14527374293122985
QA20CAPR-0267,村人の兵十といたずらものの狐を主人公とする、新美南吉の児童文学は何でしょう?,ごん狐,ごんぎつね,1,1,,,,,0.17266218151364998,0.3632480118955883,0.3047924829380851
QA20CAPR-0269,創設者アンリ・デュナンの出身国であるスイスの国旗を反転させたマークを使用している、国際的な人道支援団体は何でしょう?,赤十字社,赤十字国際委員会(ICRC)です。,1,1,,,,,0.18559591046401458,0.1669970484716553,0.17875649673598165
QA20CAPR-0271,新聞や雑誌などでスクープすることを「スッパ抜く」といいますが、この「スッパ」とはどんな人のことを指すでしょう?,忍者,スクープする人のことを指します。また、スクープされた物を指す場合もあります。,2,"0,0",,,,,"0.18653584165232553,0.28073572048119133","0.08038645982742343,0.145310733999525","0.1367119018520624,0.24054451712540256"
QA20CAPR-0273,叩くと音がするほど堅く編んだところからその名がついた、麦わら帽子の一種は何でしょう?,カンカン帽,コルク帽,1,0,,,,,0.2532951916967117,0.35990499385765573,0.3160964016403469
QA20CAPR-0275,最後は豊臣秀吉の怒りを買い切腹させられたという、わび茶の概念を大成させた安土桃山時代の有名な茶人は誰でしょう?,千利休,千利休,1,1,,,,,0.03651005668299507,0.06760918881211936,0.054052806326320986
QA20CAPR-0277,19世紀にロンドン動物園で飼育されていたアフリカ象に付けられた名前で、現在では大きなもの、特に大型旅客機を指す言葉になっているのは何でしょう?,ジャンボ,ジャンボジェット機(Jetstream)です。,1,0,,,,,0.21513470581599703,0.11468543750899204,0.17206691418375314
QA20CAPR-0279,クリスマスによくドアなどに飾られる、花や枝を編みこむように作った円形の飾りを何というでしょう?,リース (装飾),リースリング・リング・オブ・ライト,1,0,,,,,0.19919790540422716,0.2597150972911289,0.23244621711117888
QA20CAPR-0281,古代ローマが共和政から帝政へと移行する転機となった、紀元前31年、オクタビアヌスがアントニウスとクレオパトラ連合軍を破った戦いを何というでしょう?,アクティウムの海戦,アクティウムの戦い」といいます。,1,1,,,,,0.01990049013069737,0.027026870421001097,0.02349099729742355
QA20CAPR-0283,第1回のノーベル物理学賞を受賞した、X線の発見者であるドイツの物理学者は誰でしょう?,ヴィルヘルム・レントゲン,アーネスト・ラザフォード,1,0,,,,,3.885780586188048e-16,3.885780586188048e-16,3.885780586188048e-16
QA20CAPR-0285,兵法書の『五輪書』を残したことでも知られる、佐々木小次郎との「巌流島の決闘」で有名な剣豪は誰でしょう?,宮本武蔵,宮本武蔵,1,1,,,,,3.885780586188048e-16,3.885780586188048e-16,3.885780586188048e-16
QA20CAPR-0287,ゲームクリエイターの薗部博之が開発した、「ダビスタ」の通称で親しまれている競馬シミュレーションゲームシリーズは何でしょう?,ダービースタリオン,ダービースタリオン2,1,0,,,,,0.11167560730661655,0.22240023102079137,0.1772461959293911
QA20CAPR-0289,ユダヤ教・キリスト教・イスラム教がともに聖地としている、イスラエルの都市はどこでしょう?,エルサレム,エルサレム,1,1,,,,,0.025798603892326244,0.04086898054395394,0.03364799916744221
QA20CAPR-0291,弟に同じく作家の精二を持つ、『春琴抄』『細雪』などの作品で知られる人物といえば誰でしょう?,谷崎潤一郎,谷崎潤一郎,1,1,,,,,3.885780586188048e-16,3.885780586188048e-16,3.885780586188048e-16
QA20CAPR-0293,得意になってうぬぼれることを、ある妖怪に例えて「何になる」というでしょう?,天狗,化け物になる。,1,0,,,,,0.2503823659249717,0.19362276153905034,0.22393980409417777
QA20CAPR-0295,家電製品の「アイロン」と、ゴルフクラブの「アイアン」は、ともにどんな金属を意味する言葉でしょう?,鉄,鉄製です。,1,0,,,,,0.009469006742750252,0.009936794638634061,0.010351144841739435
QA20CAPR-0297,ホール・エルー法などによってボーキサイトから製造される、1円玉の原料になっている金属は何でしょう?,アルミニウム,アルミニウムです。,1,1,,,,,0.1299511960574553,0.07221050986221866,0.10223787384373774
QA20CAPR-0299,日本語では「立体派」と呼ばれる、ジョルジュ・ブラックやパブロ・ピカソによって創始された20世紀の美術運動は何でしょう?,キュビスム,キュビズム,1,1,,,,,3.885780586188048e-16,3.885780586188048e-16,3.885780586188048e-16
QA20CAPR-0301,ウニやイクラが代表的な、シャリの横側をぐるりと海苔で巻き、上にネタを載せた寿司の一種を何というでしょう?,軍艦巻,軍艦巻き,1,1,,,,,0.14752865476267674,0.3203447035380776,0.24473882147244025
QA20CAPR-0303,1994年にシングル『LOVE YOU ONLY』でCDデビューした、テレビ番組『ザ!鉄腕!DASH!!』への出演で知られるアイドルグループは何でしょう?,TOKIO,TOKIO 1994年のシングル『LOVE YOU ONLY』でCDデビュー。この番組はTOKIOが結成されたきっかけとなりました。グループはTOKIOと呼ばれています。,3,"1,0,1",,,,,"0.20373685764414912,0.32550809425967087,0.2563445695808952","0.20660571115357557,0.2867443625416073,0.267436202083315","0.20677652742181485,0.3157652552638737,0.26791015267372137"
QA20CAPR-0307,江戸川乱歩の小説で、怪人二十面相と対決する、探偵の名前は何でしょう?,明智小五郎,明智小五郎。,1,1,,,,,0.08576605788299006,0.22099636707987114,0.16751797497272486
QA20CAPR-0309,七福神の中で唯一実在したといわれる神様で、大きな袋を背負った太鼓腹の僧侶として描かれるのは何でしょう?,布袋,大黒天,1,0,,,,,0.27135536074638406,0.34096714215619195,0.3096450886556079
QA20CAPR-0311,ドイツの労働者に好まれた「タルタルステーキ」が起源といわれる肉料理で、発祥地となったドイツの町「ハンブルク」が名前の由来となっているのは何でしょう?,ハンバーグ,ハンブルガー・フライシュバインです。,1,0,,,,,0.34282557666301744,0.3908422844750541,0.3702074544770379
QA20CAPR-0313,18歳未満は絶対に達成することが出来ない、ゴルフで自分の年齢より少ない打数でホールアウトすることを何というでしょう?,エージシュート,パープレイ。,1,0,,,,,0.14733367093971805,0.1864789915936335,0.16816090685980664
QA20CAPR-0315,かつては文字通り「島」であったが、1914年の噴火で大隅半島と陸続きになった火山は何でしょう?,桜島,桜島,1,1,,,,,0.12392540701798066,0.21912080688135976,0.1763831526041031
QA20CAPR-0317,続編として「大」「超」「極」などのタイトルが制作された、さらわれたプリンセスを助け出すため魔王に挑む騎士・アーサーの姿を描く、カプコンの名作アクションゲームは何でしょう?,魔界村,ロックマン2 Dr.ワイリーの謎 ロックマン2 Dr.ワイリーの秘密 ロックマン3 ブルースの館 ロックマン4 ブルースの館 ロックマン5 ブルースの館 ロックマン6 ブルースの館 ロックマン7 ブルースの館 ロックマン8 ブルースの館 ロックマン9 ブルースの館 ロックマン10 ブルースの館 ロックマン11 ブルースの館 ロックマン12 ブルースの館 ロックマン13 ブルースの館 ロックマン14 ブルースの館 ロックマン15 ブルースの館 ロックマン16 ブルースの,1,0,,,,,0.37970476916858137,0.24815428895609684,0.32400855209146195
QA20CAPR-0319,「ネシテラス・ロムボプテリックス」という仮の学名がつけられていた、スコットランドの湖・ネス湖に棲息すると信じられていた架空の生物は何でしょう?,ネッシー,プレシオサウルス・ロムスボプテリックス,1,0,,,,,0.41788244247436634,0.41563224792480363,0.41675949096679643
QA20CAPR-0321,「北の剛拳」「リアルはじめの一歩」などの愛称で親しまれ、亀田三兄弟の次男・大毅に勝利したことで国民的な人気者となったボクシングの元世界王者は誰でしょう?,内藤大助,内藤 大毅,1,0,,,,,0.21677299269608108,0.2120509743690493,0.21499895836625776
QA20CAPR-0323,その社名には「運を天に任せる」という意味があると言われている、数々の名作テレビゲームを生み出している日本のメーカーはどこでしょう?,任天堂,任天堂株式会社です。,1,1,,,,,0.016058032001768224,0.008165683065142343,0.012291601725987311
QA20CAPR-0325,ある物質1gの温度を1°C上昇させるために必要な熱量のことを何容量というでしょう?,比熱容量,ジュール/kg(kcal/mL)です。,1,0,,,,,0.28983066763196597,0.265026961054121,0.2782862633466726
QA20CAPR-0327,フランスではウェディングケーキとして食べられることもある、小さなシュークリームを積み重ねて作られたケーキのことを何というでしょう?,クロカンブッシュ,フォレ・ド・ノエル・デ・ラ・キュイエール,1,0,,,,,0.3232930600643158,0.37452233902045634,0.35045613561357786
QA20CAPR-0329,1950年代に日本の映画業界で使われた宣伝文句がその語源である、毎年4月末から5月にわたる大型連休の通称は何でしょう?,ゴールデンウィーク,ゴールデンウィーク(GW)。,1,1,,,,,0.09675189001219642,0.1390509243522373,0.12627469428948015
QA20CAPR-0331,背中に青い印が付いた「良いオバケ」と赤い印が付いた「悪いオバケ」の駒を取り合っていく、ドイツ語で「幽霊」という意味があるボードゲームは何でしょう?,ガイスター,トリック・オア・トリート(Trick or Treat)。,1,0,,,,,0.1926776873213904,0.18602918301309854,0.190329509122031
QA20CAPR-0333,童謡『かわいい魚屋さん』で、かわいい魚屋さんが売っている4つとは、大鯛、小鯛、タコと何でしょう?,サバ,金の卵を産むガチョウです。,1,0,,,,,0.2872163397925243,0.20037197640963894,0.25330668474946627
QA20CAPR-0335,土木・建築工事において、高い所での作業を得意とする職人のことを、ある鳥の名前を用いて何というでしょう?,鳶職,鳶職(とびしょくにん)と呼ばれています。,1,0,,,,,0.10425659801278787,0.047994758401598184,0.07746160881859894
QA20CAPR-0337,2015年の「よしもと男前ブサイク芸人グランプリ」の「ぶちゃいく部門」で3年連続となる1位を獲得し殿堂入りを果たした、箕輪はるかとともにお笑いコンビ「ハリセンボン」を結成している人物は誰でしょう?,近藤春菜,近藤春菜,1,1,,,,,0.20109355449676553,0.21746182441711354,0.20936238765716514
QA20CAPR-0339,慣用句で、生きている内は黒い状態であり、怒ったときには角を立て、厳しく監視する時には光らせる、体の部分はどこでしょう?,目,頭蓋骨。 頭蓋骨は、人間の体の重要な部分です。 頭蓋骨は、脳と脊椎を保護し、呼吸や循環に重要な役割を果たしています。 頭蓋骨は、骨格の中心にあり、首から上の大部分を占めています。 頭蓋骨は、頭蓋骨、側頭骨、後頭骨、頬骨から構成されています。,5,"0,1,0,0,0",,,,,"3.40597971770773e-08,0.16620967856475322,0.1725100768463952,0.22556568682193745,0.159994225416865","3.40597971770773e-08,0.10892607271671287,0.08138447361333041,0.1233365812471937,0.1380274210657391","3.40597971770773e-08,0.15624977648258193,0.1401191247361048,0.2102341055870058,0.1610791236162184"
QA20CAPR-0341,カレーライスの付け合わせとしてよく用いられる、別名を「オオニラ」や「サトニラ」という食べ物は何でしょう?,ラッキョウ,ラッキョウです。,1,1,,,,,0.2851174069302425,0.30269154054777936,0.2947148127215253
QA20CAPR-0343,「かわわらわ」がなまってそう呼ばれるようになったとも言われ、漢字でも「かわわらわ」と書く、伝説上の生き物といえば何でしょう?,河童,龍蛇族,1,0,,,,,0.2602718280894417,0.3147679652486525,0.2886079890387394
QA20CAPR-0345,相撲で、取組前などに力士が口をすすいだりする水のことを何というでしょう?,力水 (相撲),うがい手当(うがい)といいます。,1,0,,,,,0.10112319886684445,0.10612080991268179,0.10449687072208978
QA20CAPR-0347,色の種類で、サーモンピンクのサーモンは鮭のことですが、コーラルピンクのコーラルはどんな動物のことでしょう?,サンゴ,海藻類。 コーラルとは、海藻の一種です。 海藻は、海洋の様々な水域に広く分布しています。 コーラルは、海藻の中でも最も一般的な種類の一つです。,4,"0,0,1,0",,,,,"0.3217568759407319,0.265138758080346,0.319642245769501,0.33734329896313864","0.3602158767836433,0.2899208196571895,0.3225798479148322,0.29477145842143426","0.34250341568674314,0.2791937227760043,0.32175709945814934,0.3188920808689933"
QA20CAPR-0351,数字の並びによって電卓型と電話型に大別される、フルサイズキーボードの右側に配置されており、数字の打ち込みに特化したキーを何というでしょう?,テンキー,テンキーです。,1,1,,,,,0.17373292786734432,0.2385406536715372,0.21866821391241886
QA20CAPR-0353,代表作に『うちの大家族』や『信長の忍び』がある漫画家は誰でしょう?,重野なおき,島本和彦,1,0,,,,,0.0362928935459685,0.04278640023299664,0.039872269545282904
QA20CAPR-0355,昭和33年に333mの高さで完成した、日本を代表する観光名所ともなっている鉄塔は何でしょう?,東京タワー,東京タワー,1,0,,,,,3.885780586188048e-16,3.885780586188048e-16,3.885780586188048e-16
QA20CAPR-0357,部活に在籍はしているものの、活動にはほとんど参加しない部員を、架空の存在に例えて何部員というでしょう?,幽霊,幽霊部員,1,1,,,,,0.0014296578509470775,0.005636451499803144,0.003670522144862992
QA20CAPR-0359,かつて新聞が1部4ページだった頃に、3ページ目が社会面だったことに由来する、社会の一般的な事件を取り扱った記事を指す言葉は何でしょう?,三面記事,社会面コラムニスト(social-newspaperman)とは、新聞や雑誌の社会面のコラムニストであり、社会問題や社会現象を分析し、社会に重要な影響を与える出来事について論評します。彼らはしばしば、社会政策や社会運動の推進にも関わります。,2,"0,0",,,,,"0.268959036895207,0.2563995037760053","0.23023169381277875,0.27786772378853364","0.25384134479931414,0.26904624274798833"
QA20CAPR-0361,昭和30年に新村出によって初めて編纂された、日本を代表する国語辞典は何でしょう?,広辞苑,広辞苑です。,1,1,,,,,0.11609344184398647,0.13954352693898353,0.12812839235578238
QA20CAPR-0363,インドネシアでは国技となっている、ネットを挟んでシャトルコックを打ち合う競技といえば何でしょう?,バドミントン,バドミントンです。,1,1,,,,,0.037377574614116005,0.02195313572883606,0.02998751401901245
QA20CAPR-0365,情熱を表した赤い星と、精密さを表した青い星のマークでおなじみの、プラモデルやミニ四駆の製造で世界的に知られるメーカーは何でしょう?,タミヤ,タミヤです。,1,1,,,,,3.885780586188048e-16,3.885780586188048e-16,3.885780586188048e-16
QA20CAPR-0367,2020年東京オリンピック・パラリンピックの公式エンブレムである、市松模様が特徴的なエンブレムを考案したデザイナーは誰でしょう?,野老朝雄,野老朝雄氏。,1,1,,,,,0.21938984521797686,0.3382557375090462,0.28498290266309406
QA20CAPR-0369,作家・柳田理科雄の出身地である鹿児島県の島で、JAXAの宇宙センターがあることで知られるのはどこでしょう?,種子島,種子島宇宙センターです。,1,1,,,,,0.051202507955687676,0.06133182346820852,0.05750459219728217
QA20CAPR-0371,昆虫などが、ほかの生物や無生物などとそっくりの形や色彩、行動をもち、外敵をだます行動を何というでしょう?,擬態,擬態(ぎたい)とは、周囲の環境に合わせたさまざまな形状や色合いの変化によって、捕食者や獲物から発見されにくくする行為です。代表的なものとしては、アリやシロアリなどの社会性昆虫が挙げられます。,2,"1,0",,,,,"0.2504770393882476,0.2984388151339126","0.12953347819192065,0.28177282214164734","0.2029230807508739,0.2906167932919095"
QA20CAPR-0373,1900年に自動車での旅行を活性化するために始めたレストランのガイドブックが現在は世界的に広まっている、フランスのタイヤメーカーといえば何でしょう?,ミシュラン,ミシュランタイヤです。,1,1,,,,,0.13904535770416226,0.07383823394775357,0.10763144493103027
QA20CAPR-0375,1984年に竣工した、大相撲の本場所が行われる東京都墨田区にある施設は何でしょう?,両国国技館,両国国技館です。,1,1,,,,,0.17361146211624115,0.09425753355026202,0.13575220108032193
QA20CAPR-0377,プロ野球のシーズンオフに行われる選手の引き抜き合戦のことを、ある暖房器具に引っかけて何というでしょう?,ストーブリーグ,ドラフト制度。,1,0,,,,,0.3007926259722027,0.32962275615760295,0.31606817245483443
QA20CAPR-0379,矢澤芸術学院に通う高校生の幸田実果子を主人公とする、矢沢あいの漫画は何でしょう?,ご近所物語,ごめんなさい。矢沢あいの漫画には、実果子の高校生活が描かれた「パラダイス・キス」や、実果子が東京に上京する様子を描いた「NANA」などがあります。これらの漫画は、矢沢あい自身の高校時代の経験に基づいており、彼女の漫画の中心的なテーマとなっています。,3,"0,0,0",,,,,"0.31431409290858736,0.3093214843954356,0.28287704076085773","0.2987791214670447,0.27130257870469765,0.2822823290313992","0.30663361293928987,0.2939021629946573,0.2837433793715069"
QA20CAPR-0381,1991年にグレグ・リチャードソンにTKO勝ちしてWBC世界バンタム級王者となった、「浪速のジョー」の愛称で知られるプロボクサーは誰でしょう?,辰吉丈一郎,山中慎介,1,0,,,,,0.31317751322473836,0.35719041952065084,0.33643520942756094
QA20CAPR-0383,人類学者の増田義郎によって命名された、ヨーロッパ人が船でアジアやアメリカに次々と進出した15~17世紀の時代を指す言葉は何でしょう?,大航海時代,大航海時代(だいこうかいじだい)とは、スペイン・ポルトガルから始まり、イギリス、オランダ、ドイツ、ロシアなど、多くの国々が植民地や艦隊を派遣した、世界的な航海の時代です。この時期には、ヨーロッパとアジアの貿易や植民地化が拡大し、世界の海洋交通の中心となりました。,2,"1,1",,,,,"0.351776582854135,0.2690818075622832","0.2594898449523113,0.24469614880425575","0.311373734048435,0.2574279542480192"
QA20CAPR-0385,アーティストなどが、アルバムの中の曲を新たにシングル曲として発売することを何というでしょう?,シングルカット,シングルリリースとは、アーティストがアルバムから曲をリリースし、その後、その曲がシングルとして発売されるプロセスです。シングルリリースは、音楽業界の重要な部分であり、アーティストやレコード会社にとって重要な収益源となります。,2,"0,0",,,,,"0.23320337278502337,0.29968739833150637","0.21640296067510337,0.2545141705444882","0.2257157968623296,0.28181222294058117"
QA20CAPR-0387,キタアカリ、インカのめざめ、メークインといった品種がある植物は何でしょう?,ジャガイモ,ジャガイモ。ジャガイモは世界で最も広く栽培されている作物の1つです。ジャガイモは、主に南米や西インド諸島などの温帯地域に自生しています。ジャガイモは、主にスペインやイタリアなどの地中海地域で栽培されています。,4,"1,1,1,0",,,,,"0.07281446244035467,0.074158313018935,0.11318608905587862,0.11198517467294411","0.16814751710210543,0.11889810115098934,0.12554548680782315,0.12099570461681891","0.12698483467102076,0.10426622842039374,0.12161567807197576,0.11729366864476892"
QA20CAPR-0389,『情熱の薔薇』『TRAIN-TRAIN』『リンダリンダ』などの曲で知られる、往年のパンクロックバンドは何でしょう?,THE BLUE HEARTS,ラモーンズ,1,0,,,,,3.885780586188048e-16,3.885780586188048e-16,3.885780586188048e-16
QA20CAPR-0391,もともとは相撲用語であった、真剣に勝負することを意味する言葉は何でしょう?,ガチンコ,「真剣」とは、本気で取り組むことを意味します。相撲では、取り組みの最中に相手を倒すことが目的です。そのため、真剣な取り組みには、相手としっかりと向き合い、集中して自分の技を磨き上げることが重要です。,3,"0,1,1",,,,,"0.241018184593746,0.2631700890404841,0.30941833768572097","0.2643665309463227,0.22395116090774536,0.26467563211917855","0.26221898198127735,0.25740377392087616,0.29163742916924645"
QA20CAPR-0393,中禅寺湖から流れる大谷川の途中にある滝で、落差97mの景観で有名な栃木県日光市にある名所といえば何でしょう?,華厳滝,華厳の滝,1,1,,,,,5.960464477539063e-08,5.960464477539063e-08,5.960464477539063e-08
QA20CAPR-0395,1972年の17号をもって終了した、かつてNASAによって行われていた有人宇宙飛行計画を何というでしょう?,アポロ計画,アポロ計画,1,1,,,,,0.09238683964524905,0.14745157531329595,0.12081421485968964
QA20CAPR-0397,グルド、ジース、バータ、リクームと隊長の5人からなる、漫画『ドラゴンボール』に登場するフリーザ配下の部隊は何でしょう?,ギニュー特戦隊,サイヤ人軍団,1,0,,,,,0.14794597242559682,0.2514793681246895,0.20327759427683703
QA20CAPR-0399,二酸化炭素を低温で固体化したものを、普通何というでしょう?,ドライアイス,氷。,1,0,,,,,0.30640042679650403,0.4114919879606799,0.3644409605434958
QA20CAPR-0401,下の名前を「一樹」という、「ゴッホより 普通に ラッセンが好き」のネタでブレイクした芸人は誰でしょう?,永野 (お笑い芸人),ザ・ギース。,1,0,,,,,0.22681918740272536,0.24226697853633375,0.23485897268567818
QA20CAPR-0403,一致団結する時には「これを組む」とも表現される、ラグビーのセットプレーの一種は何でしょう?,スクラム (ラグビー),スクラムです。,1,1,,,,,0.06661516215120064,0.11363715146269136,0.09435262424605255
