qid,question,answer,generated_answer,factuality,faithfulness,collapsed,Unnamed: 7,備考,query,score_pr,score_re,score_f1,pr_score,re_score,f1_score
QA20CAPR-0001,和名をハダカカメガイといい、実は巻き貝の一種とされている、その姿から「流氷の天使」と呼ばれる動物は何でしょう?,クリオネ,マンタレイ,0,1,,,,,,,,0.19861487547556536,0.18715051412582395,0.19300675988197302
QA20CAPR-0003,作家のルスティケロが、マルコ・ポーロから聞いた話をまとめた作品といえば何でしょう?,東方見聞録,"黄金の島 イタリア ヴェネツィア マルコ・ポーロは、1453年から1547年までヴェネツィア共和国の大使を務めていました。
ルスティケロは、ヴェネツィアの大使として、マルコ・ポーロから聞いた話をまとめました。
マルコ・ポーロは、ヴェネツィアの大使として、ヴェネツィアの文化や歴史について多くの著作を残しています。
したがって、正解はマルコ・ポーロです。
","0,0,0,0","1,1,1,1",,,,,,,,"0.29440065622329675,0.24761551618576016,0.2674731612205506,0.23172227144241336","0.19018621047337889,0.22118667165438294,0.22180716395378108,0.2993179500102999","0.24778118928273551,0.23683413465817793,0.24781350890795395,0.2679219861825311"
QA20CAPR-0005,『騎士団長殺し』『1Q84』『ノルウェイの森』といった小説の作者は誰でしょう?,村上春樹,村上春樹,1,1,,,,,,,,2.0816681711721685e-16,2.0816681711721685e-16,2.0816681711721685e-16
QA20CAPR-0007,サッカーで、コーナーキックやフリーキックのようにボールを止めた状態から始めるプレーのことを何というでしょう?,セットプレー,"ゴールキック(goal kick)といいます。
",0,1,,,,,,,,0.23915020227432235,0.20385877688725795,0.22475009163220683
QA20CAPR-0009,今から約140億年前に起こったとされる、宇宙の始まりの大爆発のことを何というでしょう?,ビッグバン,"ビッグバン」といいます。
",1,1,,,,,,,,0.24481076002120927,0.13099884986877494,0.19189232587814375
QA20CAPR-0011,アメンボが水の上をすべることができるのはこの力を利用しているからである、液体がその表面積をできるだけ小さく保とうとする力を何というでしょう?,表面張力,粘性抵抗力(ねばっこり),0,1,,,,,,,,0.27788610657056206,0.20064581235249856,0.2413872281710311
QA20CAPR-0013,日本では有明海と八代海のみに生息するハゼ科の魚で、作家・畑正憲の愛称にもなっているのは何でしょう?,ムツゴロウ,ムツゴロウ,1,1,,,,,,,,0.06448795000712093,0.07942822575569167,0.07275752027829507
QA20CAPR-0015,日本では1990年前後に訪れた、不動産や株などの価格が実態とかけ離れて高騰していく経済のことを、泡を意味する言葉から何経済というでしょう?,バブル経済,バブル経済,1,1,,,,,,,,2.0816681711721685e-16,2.0816681711721685e-16,2.0816681711721685e-16
QA20CAPR-0017,ウォーターゲート事件によって辞任に追い込まれた、時のアメリカ大統領は誰でしょう?,リチャード・ニクソン,"ジェラルド・フォード。
",0,1,,,,,,,,0.018764175971349162,0.020781745513280395,0.019781921307246098
QA20CAPR-0019,宋の杜黙の詩が律に合っていなかったことに由来する、誤りが多くていいかげんなことを表す言葉は何でしょう?,杜撰,"粗雑」です。
",0,1,,,,,,,,0.27932719985644017,0.3624334832032523,0.32448992927869136
QA20CAPR-0021,毎年7月に「北海へそ祭り」が開催される、ラベンダー畑で有名な北海道の都市はどこでしょう?,富良野市,"富良野市です。
",1,1,,,,,,,,0.1804222981135056,0.09278225898742626,0.13883143266042075
QA20CAPR-0023,元々は仏教における持国天・増長天・広目天・多聞天のことを指していた、ある集団の中で特に秀でた4人の人物を意味する言葉は何でしょう?,四天王,"四天王寺金堂の四天王像。
",0,1,,,,,,,,0.24322557449340843,0.3419279019037874,0.2961898366610203
QA20CAPR-0025,テニスで、相手のサーブを返した打球により得点することを何というでしょう?,リターンエース,リターン・ザ・ボール・ゲーム,0,0.2,,LLMの回答はラグビー用語,,,,,,0.0438422799110416,0.03319401741027828,0.03856862783432003
QA20CAPR-0027,スズメ、イシ、キンメなどの種類がある、縁起物の魚は何でしょう?,鯛,"フグ類です。
",0,,,,,,,,,0.27134305834770167,0.2931226889292405,0.30336914857228514
QA20CAPR-0029,『アルルの跳ね橋』や『ひまわり』などの作品で知られる、オランダの画家は誰でしょう?,フィンセント・ファン・ゴッホ,レンブラント・ファン・レイン,0,,,,10になることなくね,,,,,0.010284582773844572,0.012531522909800433,0.011496559778849516
QA20CAPR-0031,総北高校に通う小野田坂道を主人公とする、渡辺航の自転車漫画は何でしょう?,弱虫ペダル,"弱虫ペダルです。
",1,1,,,,,,,,2.0816681711721685e-16,2.0816681711721685e-16,2.0816681711721685e-16
QA20CAPR-0033,提唱したドイツの統計学者の名に由来する、家計の支出に占める飲食費の割合を何というでしょう?,エンゲル係数,"エンゲル係数(または「食費」)とは、家庭における消費支出の測定値であり、所得と物価の関数です。
提唱者にちなんで名付けられました。
この指標は、所得と物価の変動に応じて増減します。
","0,1,1","1,1,1",,,,,,,,"0.34979956348737024,0.42394422888755834,0.39853110710779793","0.16840077837308295,0.4074008484681443,0.38462553620338513","0.2719961265722909,0.4158994634946189,0.39185515443483965"
QA20CAPR-0035,人気マンガの『ベルサイユのばら』や『エースをねらえ!』が連載された、集英社の少女向けマンガ雑誌は何でしょう?,マーガレット (雑誌),"マーガレットコミックスです。
",0,1,,,,,,,,0.15730277697245262,0.11169818441073114,0.13513870636622166
QA20CAPR-0037,火口で見つかった方解石の結晶を、ある宝石と間違ったことがその名の由来である、ハワイ・オアフ島を代表する観光地となっている火山は何でしょう?,ダイヤモンドヘッド,ダイヤモンドヘッド,1,1,,,,,,,,2.0816681711721685e-16,2.0816681711721685e-16,2.0816681711721685e-16
QA20CAPR-0039,「Nonprofit Organization」の略称である、非営利で活動を行う民間団体を意味するアルファベット3文字は何でしょう?,NPO,"NGO(非政府組織)です。
",0,,,,,,,,,0.24877324302991244,0.303142249584198,0.28289517362912486
QA20CAPR-0041,本名を國土郁音という、童謡『森のくまさん』の替え歌ネタで話題となったお笑い芸人は誰でしょう?,パーマ大佐,くまモン,0,,,,,,,,,0.3423895299434663,0.36327878832817095,0.3552694360415147
QA20CAPR-0043,神奈川県の城ケ島では「アマガニ」の名前で食べられている、体の成長に合わせ貝殻を次々と引っ越すことが特徴の甲殻類は何でしょう?,ヤドカリ,"ツノナシオシオグサガイ科の一種。
",0,0,,,,,,,,0.140355638662974,0.056816899776458166,0.10112776358922343
QA20CAPR-0045,高菜めし、太平燕、辛子蓮根といえば、どこの都道府県の名物料理でしょう?,熊本県,"熊本県です。
",1,1,,,,,,,,0.35402638912200923,0.4158541997273756,0.4018202135960261
QA20CAPR-0047,1994年のF1サンマリノGPでクラッシュし亡くなった、「音速の貴公子」の異名で知られたレーサーは誰でしょう?,アイルトン・セナ,"アイルトン・セナ 1994年のF1サンマリノGPで、アイルトン・セナは事故に巻き込まれて亡くなりました。
彼は史上最高のドライバーの一人として広く認知されており、彼の死後も多くのファンや関係者によって惜しまれています。
","1,1","1,1",,,,,,,,"0.34286202192306525,0.4465337296326966","0.18620136380195568,0.38926594853401125","0.27449678579966263,0.4194737176100413"
QA20CAPR-0049,ワルシャワにある空港にその名を残す、『革命のエチュード』や『子犬のワルツ』などのピアノ曲で知られるポーランドの作曲家は誰でしょう?,フレデリック・ショパン,フレデリック・ショパン,1,1,,,,,,,,0.04228882789611821,0.02014900445938106,0.03194496631622323
QA20CAPR-0051,フラーレン、黒鉛、ダイヤモンドといえばいずれもどんな元素から出来ている物質でしょう?,炭素,炭素,1,1,,,,,,,,0.05334738095601401,0.08261851270993559,0.06943824291229261
QA20CAPR-0053,48面のテニスコートと1万人を収容する有明コロシアムが存在する、ゆりかもめの駅名にもなっている江東区の公園は何でしょう?,有明テニスの森公園,"夢の島公園です。
",0,,,一応公園だし？,,,,,,0.1284160733222957,0.12347511450449679,0.1260973274707788
QA20CAPR-0055,「迫りくる危機」や「緊急事態宣言」といった拡張セットもある、プレイヤーがウイルス対策チームの一員となり、世界に蔓延する感染症を根絶するという内容のボードゲームは何でしょう?,パンデミック (ボードゲーム),"パンデミック:グローバル・ウォーです。
",0,,,,,,,,,0.06920170783996601,0.10270204742749557,0.08652148644129387
QA20CAPR-0057,美しい景観から「ドナウ川の真珠」とも呼ばれる、ハンガリーの首都はどこでしょう?,ブダペスト,"ブダペストです。
",1,,,,,,,,,0.197615027427674,0.11937427520752006,0.16031330823898265
QA20CAPR-0059,NHKの大河ドラマ『花燃ゆ』で、主人公の杉文を演じた女優は誰でしょう?,井上真央,"井上真央さんです。
",1,,,,,,,,,0.07334328889846839,0.039061578114827515,0.057287955284118945
QA20CAPR-0061,高さ170cmと250cmの2本の鉄棒を使用する、女子のみで行われる体操競技は何でしょう?,段違い平行棒,"床体操です。
",0,,,,,,,,,0.2300857027371725,0.2738148272037509,0.2533002952734625
QA20CAPR-0063,「満月」を意味する名前がついた、もち米を焼いた皮に餡を詰めた和菓子は何でしょう?,最中,"月餅です。
",0,,,,,,,,,0.18898887832959477,0.1086567958196002,0.16041293938954698
QA20CAPR-0065,一段進めた香車の下に王を入れて、周りを金や銀で守り固める将棋の戦法を、ある動物の名前をとって何というでしょう?,穴熊囲い,"象牙将棋」と言います。
",0,1,,,,,,,,0.26405771573384623,0.3422230243682862,0.305553845564524
QA20CAPR-0067,水平型、こま型などの種類がある、太陽の方向によってできる影を利用した時計は何でしょう?,日時計,"振り子時計です。
",0,1,,,,,,,,0.20185114145278907,0.12823566794395436,0.1667393068472546
QA20CAPR-0069,フランス語で「稲妻」という意味がある、細長いシュークリームにチョコレートをかけたお菓子は何でしょう?,エクレア,"ガレット・デ・ロワ フランス語で「稲妻」という意味がある、細長いシュークリームにチョコレートをかけたお菓子はガレット・デ・ロワです。
",0,1,,,,,,,,0.28359152078628547,0.2310129423936208,0.260340392589569
QA20CAPR-0071,サッカーで、前線の選手が敵を背にした状態で味方からのパスを貰い、攻撃の起点となるプレーを何というでしょう?,ポストプレー,クロスオーバープレー(cross-over),0,,,,,,,,,0.28158606688181603,0.36793294946352595,0.3284816344579059
QA20CAPR-0073,ギリシャ語の「暴君」と「とかげ」を合成した名前を持つ、約6550万年前に絶滅した史上最大級の肉食恐竜は何でしょう?,ティラノサウルス,ティラノサウルス・レックス,1,1,,,,,,,,0.007522038618723789,0.007573966185252065,0.007548014322916949
QA20CAPR-0075,海外では「ジャパニーズヨーグルト」とも呼ばれる、米麹や酒粕から作られる伝統的な甘味飲料は何でしょう?,甘酒,"甘酒です。
",1,1,,,,,,,,0.06661930282910686,0.08648892045021073,0.07796151041984589
QA20CAPR-0077,縁結びの神とされる大国主が祭られており、毎年旧暦10月に全国の神様が集まるとされる島根県の神社はどこでしょう?,出雲大社,出雲大社,1,,,,,,,,,0.04275791446367924,0.07269672155380276,0.05914540688196834
QA20CAPR-0079,車体に漫画やアニメのキャラクターなどの装飾を施した自動車のことを、俗に何というでしょう?,痛車,"痛車(いたしゃ)とは、自動車のボディに漫画やアニメのキャラクターなどの装飾を施すことです。
",1,,,,,,,,,0.35401257872581493,0.11892390052477494,0.25739964246749975
QA20CAPR-0081,「白あえ」にも使われる、絹ごし、木綿などの種類がある食材は何でしょう?,豆腐,"豆腐です。
",1,,,,,,,,,0.18287019729614232,0.09841087063153635,0.1479699035485577
QA20CAPR-0083,チェコにある温泉・カールスバートと似た泉質であったことから名が付いた、北海道の登別市にある温泉は何でしょう?,カルルス温泉,地獄谷温泉,0,,,,,,,,,0.18551077842712355,0.22377954522768712,0.20725455880165136
QA20CAPR-0085,1907年に日本広告と日本電報通信社が合併して出来た、日本最大の広告代理店は何でしょう?,電通,"博報堂DYホールディングスです。
",0,,,,,,,,,0.14040860533714278,0.09331107536951685,0.11784853537877368
QA20CAPR-0087,1セット28枚からなり、本来は「メキシカントレイン」や「ブロック」など様々な遊び方があるが、日本ではたくさん並べて倒すという使い方でほぼ楽しまれている遊具は何でしょう?,ドミノ,"ジェンガです。
",0,,,,,,,,,0.24594241778055753,0.21007454792658548,0.228545804818471
QA20CAPR-0089,古代中国では太陽に住んでいるカラスの姿だとされていた、太陽の表面で周りより温度が低く色が違って見える点を何というでしょう?,太陽黒点,"彩雲(さいうん)または虹の環(こう)と呼ばれています。
",0,,,,,,,,,0.40217023293177284,0.3163958966732034,0.36239884098370845
QA20CAPR-0091,原子番号99の元素にもその名を残す、「光電効果」の説明や「特殊相対性理論」の提唱などの業績で知られる科学者は誰でしょう?,アルベルト・アインシュタイン,アーネスト・ラザフォード,0,,,,,,,,,0.04123375415802018,0.05203190247217826,0.04678899248441071
QA20CAPR-0093,雑誌などで発表せず、直接単行本などで出版される小説のことを何というでしょう?,書き下ろし,"オフ・ザ・ウォール」とは、アメリカのロックバンドU2が1979年にリリースしたアルバムです。
このバンドはロックの殿堂入りを果たしています。
オフ・ザ・ウォールは、アメリカや世界中で大ヒットを記録しました。
オフ・ザ・ウォールは、ロック史上重要な作品として広く認知されています。
","0,1,1,1",,,,,,,,,"0.33738547166188526,0.3096071898937223,0.3109846134980519,0.27840494314829517","0.28613068858782453,0.3226199090480802,0.2781968196233112,0.24357464114824925","0.31951148907343535,0.31769358515739443,0.30275341073671985,0.26778934597969073"
QA20CAPR-0095,ドイツの教師リヒャルト・シルマンが提唱し世界に広まった、旅行者が格安で利用できる宿泊所を何というでしょう?,ユースホステル,"ユースホステル」とは、会員制の宿泊施設で、青少年や若者に旅行者向けの宿泊と教育を提供するものです。
リヒャルト・シルマンは、ユースホステル運動の中心的な推進者であり、ユースホステル運動は、旅行者の宿泊と教育の機会を増やすことによって、世界の観光を促進することを目的としています。
","0,0",,,,,,,,,"0.3596005658308666,0.3898894965648649","0.2789053201675415,0.3011971036593116","0.32550118962923646,0.35185972650845854"
QA20CAPR-0097,ラテン語で「走る人」という意味の言葉に由来する、パソコンで文字を入力する場所を示す線や記号を何というでしょう?,カーソル,"TABLECONTEXT」と書かれたキーがあります。
このキーは、画面の右上隅にあります。
また、TABLECONTEXTキーを押しながら、スペースバーを押すことでも入力できます。
これにより、テキストが選択され、入力できるようになります。
","0,0,0,0",,,,,,,,,"0.3173107326030735,0.3777987778186797,0.38025189638137874,0.4094924191633864","0.3188242812951407,0.5172925869623819,0.3183168212572738,0.49447022676467994","0.32257345318794317,0.45827172795931576,0.3524960736433662,0.4562394926945363"
QA20CAPR-0099,かつてイギリスで活字の大きさを宝石の名前で呼んでいたことに由来する、印刷用語で難しい漢字などにつけられるふりがなを何というでしょう?,ルビ,ルビコン川を渡る(ruby connection),0,,,,,,,,,0.31092688639958604,0.2583583394686381,0.2858272234598798
QA20CAPR-0101,これを好んで食べたフランスの作家がその名の由来である、牛のヒレ肉の中でも中心にある最高級の部位を何というでしょう?,シャトーブリアンステーキ,"シャトーブリアンステーキ」といいます。
",1,,,,,,,,,0.2910736838976542,0.297549961010615,0.2966976185639702
QA20CAPR-0103,食事において、気分を変えたり口をさっぱりさせたりするために出されるちょっとしたおかずのことを、ある食器の名を用いた表現で何というでしょう?,箸休め,"小鉢料理(small plate)とは、小さな容器に詰められた料理のことです。
このタイプの料理は、主に副菜や付け合わせとして提供されます。
副菜とは、主菜の後に食べるおかずのことです。
副菜とは、主に主菜の後に食べるおかずのことです。
副菜とは、主に主菜の後に食べるおかずのことです。
","0,1,0,0,0",,,,,,,,,"0.21866201758384712,0.20626837809880583,0.23795763055483496,0.2423046429951984,0.2423046429951984","0.2574995795885719,0.20513445734977728,0.2777241786321006,0.2709583044052125,0.2709583044052125","0.23985271652539586,0.2068952242533367,0.26371494928995787,0.2595858037471771,0.2595858037471771"
QA20CAPR-0105,エジソンが、電球のフィラメントに使ったことで有名な植物は何でしょう?,竹,松ぼっくり,0,,,,,,,,,0.31250039935111995,0.3001985669136046,0.3068020244439442
QA20CAPR-0107,沖縄県では、かつて鍋を洗う時に使ったことから「ナーベラー」とも呼ばれる食べ物は何でしょう?,ヘチマ,"ヘチマです。
",1,,,,,,,,,0.28632140755653446,0.3026211102803546,0.29534166455268807
QA20CAPR-0109,1956年には南半球初のオリンピック開催地となった、オーストラリアの都市はどこでしょう?,メルボルン,メルボルン,1,,,,,,,,,2.0816681711721685e-16,2.0816681711721685e-16,2.0816681711721685e-16
QA20CAPR-0111,史上初めて公式戦で4回転フリップを成功させた男子フィギュアスケーターである、平昌五輪で銀メダルに輝いた日本のフィギュアスケート選手は誰でしょう?,宇野昌磨,"羽生結弦選手です。
",0,,,,,,,,,0.23235386212666895,0.12434296607971257,0.18208683729171815
QA20CAPR-0113,これを達成した時にお金が支払われる保険も存在する、ゴルフで最初の1打がそのままカップインすることを何というでしょう?,ホールインワン,"ホールインワン保険」と言います。
",0,,,,,,,,,0.2388504584630331,0.20611301263173398,0.2267618119716648
QA20CAPR-0115,左手で鋭い突きを繰り出す「牙突」を得意技とする、漫画『るろうに剣心』に登場する実在の剣士は誰でしょう?,斎藤一,瀬田宗次郎,0,,,,,,,,,0.1296262939771023,0.13309713204701806,0.1315033217271176
QA20CAPR-0117,漢字では「金偏に口」と書く、服をとめる時に使うものは何でしょう?,ボタン (服飾),"ボタンです。
",1,,,,,,,,,0.17923494378725718,0.19302002986272176,0.1864265541235608
QA20CAPR-0119,1999年にメキシコシティに第1号店が誕生した、子供たちが色々な職業を体験できるテーマパークといえば何でしょう?,キッザニア,"ユニバーサル・スタジオ・ジャパンです。
",0,,,,,,,,,0.2561590592066444,0.26323636770248404,0.2597866217295327
QA20CAPR-0121,上皿天秤で重さをはかるときに、粉末などを乗せる紙を何というでしょう?,薬包紙,スケールクロス(紙),0,,,,,,,,,0.0603013654549917,0.05274633169174205,0.05744042396545428
QA20CAPR-0123,「マサラムービー」や「ボリウッド映画」といえば、どこの国で作られた映画のことでしょう?,インド,"インド。
",1,,,,,,,,,1.3907750610886449e-08,1.3907750610886449e-08,1.3907750610886449e-08
QA20CAPR-0125,無口で行動的な探偵を主人公とする推理小説の一ジャンルのことを、「固ゆでの卵」を意味する英語で何というでしょう?,ハードボイルド,"エッグ・タイクーン(Egg Tycoon)とは、アメリカの探偵小説のジャンルであり、私立探偵の主人公が事件の謎解きや犯罪の解決に焦点を当てています。
エッグ・タイクーンは、19世紀後半から20世紀初頭にかけて人気を博しました。
エッグ・タイクーンは、私立探偵の主人公が事件の謎解きや犯罪の解決に焦点を当てたアメリカの探偵小説のジャンルです。
","0,0,0",,,,,,,,,"0.3137395699818926,0.3297657907009125,0.34475123286247283","0.1581476410230001,0.28278122941652917,0.2742534418900812","0.2507675071557364,0.30904955665270534,0.31390892664591435"
QA20CAPR-0127,イタリア語で「生クリームを煮た」という意味がある、つるりとした口当たりが特徴的なデザートは何でしょう?,パンナ・コッタ,"フォカッチャ・ディ・ドルチェ・アッラ・ジェラート イタリア料理の定番であるドルチェは、イタリア発祥のデザートです。
イタリアのドルチェには、アイスクリームやシャーベット、プリンなどがあります。
フォカッチャとは、小麦粉と水で作られるイタリアのパンの一種です。
フォカッチャは、イタリア全土やフランス、ドイツなどのヨーロッパ諸国で広く作られています。
","0,1,1,1",,,,,,,,,"0.2230466544628144,0.32483710249265024,0.33001681367556246,0.29816211660703024","0.22171081701914475,0.3312263051668806,0.32413718799749996,0.33627414902051284","0.22392194469769788,0.33432677586873344,0.3378102670113249,0.32488882342974346"
QA20CAPR-0129,秋田の「西馬音内盆踊り」、岐阜の「郡上おどり」と並んで日本三大盆踊りと称される、毎年夏に徳島県で行われる盆踊りといえば何でしょう?,阿波踊り,"阿波踊りです。
",1,,,,,,,,,0.1073493957519526,0.07442110776901323,0.0911834239959721
QA20CAPR-0131,燧ケ岳の溶岩流により只見川がせきとめられてできたとされる湿原で、唱歌『夏の思い出』にも歌われているのは何でしょう?,尾瀬,"尾瀬沼です。
",1,,,,,,,,,0.05545728603998834,0.028738979498545297,0.042648005485535045
QA20CAPR-0133,別名を「日本ダービー」という、皐月賞・菊花賞とともに中央競馬クラシック三冠を構成する重賞競走は何でしょう?,東京優駿,セントライト記念競走,0,,,,,,,,,0.2994088530540465,0.3696976264317829,0.33714239597320617
QA20CAPR-0135,理科実験で使われるガスバーナーにある2つのネジとは、ガス調節ねじと、何調節ねじでしょう?,空気,"パイロットねじです。
",0,,,,,,,,,0.2773350735505419,0.28374606370925864,0.2809573789437617
QA20CAPR-0137,νガンダムやサザビーといったモビルスーツが登場する、1988年に公開された『機動戦士ガンダム』シリーズのアニメ映画は何でしょう?,機動戦士ガンダム 逆襲のシャア,ガンヘッド(1988),0,,,,,,,,,0.33428496917088824,0.3839050710201265,0.3633319099744163
QA20CAPR-0139,日本の場合、生産額ベースでは約7割、カロリーベースでは約4割となっている、国民が消費する食料のうち、国内で生産された割合を指す指数は何でしょう?,食料自給率,"食糧自給率(総合)です。
",1,,,,,,,,,0.1728006879488631,0.14511200785636932,0.16020914514859513
QA20CAPR-0141,シャフトと呼ばれる横棒にプレートと呼ばれる円盤状の重りを付けた、重量挙げに使われる器具は何でしょう?,バーベル,バーベルセット,1,,,,,,,,,2.0816681711721685e-16,2.0816681711721685e-16,2.0816681711721685e-16
QA20CAPR-0143,幕末に来日したアメリカ人医師の名にちなむ、「し」を「shi」、「つ」を「tsu」などとつづるローマ字の表記法を何式ローマ字というでしょう?,ヘボン式ローマ字,サイクリック式ローマ字表記法(S式),0,,,,,,,,,0.3028061985969543,0.4065350423256556,0.36726306279500315
QA20CAPR-0145,さいたま市にホームを置くJリーグチーム・レッズの正式なクラブ名称は何でしょう?,浦和レッドダイヤモンズ,"レッズランドクラブです。
",0,,,,,,,,,0.24870749910672516,0.295344746112823,0.278284509976705
QA20CAPR-0147,1971年放送の第1作では主人公の本郷猛を藤岡弘、が演じた、長く人気を誇る特撮ドラマシリーズは何でしょう?,仮面ライダー,"仮面ライダー(1971-1973)。
",1,,,,,,,,,0.09533453782399509,0.0805320819218954,0.08840949932734202
QA20CAPR-0149,ネルソン・マンデラらが撤廃運動に尽力したことで知られる、南アフリカの人種隔離政策を何というでしょう?,アパルトヘイト,アパルトヘイト制度,1,,,,,,,,,2.0816681711721685e-16,2.0816681711721685e-16,2.0816681711721685e-16
QA20CAPR-0151,パソコンのキーボードの上部についている、「F1」「F2」などと書かれているキーの総称は何でしょう?,ファンクションキー,"ファンクションキーです。
",1,,,,,,,,,0.1542631844679514,0.3017978250980374,0.24251878261566173
QA20CAPR-0153,野球の成績のひとつで、ピッチャーが9回投げた時の自責点の平均を表す数値は何でしょう?,防御率,"3点です。
",0,,,,,,,,,0.08065871397654256,0.17283909718195642,0.13068342208862277
QA20CAPR-0155,戊辰戦争の際に旧幕府軍が立てこもり、現在は函館市を代表する観光地となっている、星形の城郭は何でしょう?,五稜郭,"五稜郭公園です。
",1,,,,,,,,,0.20887721379597995,0.1917263329029087,0.2028315583864851
QA20CAPR-0157,東京23区のうち、名前に「川」という漢字が使われるのは、荒川区、江戸川区とどこでしょう?,品川区,"江東区です。
",0,,,,,,,,,0.06375551819801278,0.08771748344103439,0.07589708367983558
QA20CAPR-0159,人間の体に最も多く含まれる金属である、原子番号20、元素記号Caの元素は何でしょう?,カルシウム,"マンガンです。
",0,,,,,,,,,0.24980843067169212,0.28322291374206465,0.2668961882591244
QA20CAPR-0161,裁判官を裁判するために国会に設けられる裁判所のことを何というでしょう?,裁判官弾劾裁判所,"弾劾裁判所(Straight Commission)です。
",1,,,,,,,,,0.24200299978256296,0.12486392060915673,0.1879441122214004
QA20CAPR-0163,江戸時代の人物・ジョン万次郎の銅像が立っている、高知県にある四国最南端の岬は何でしょう?,足摺岬,足摺岬,1,,,,,,,,,0.21262229283650677,0.2787992755571993,0.24722418189048825
QA20CAPR-0165,ヒトの細胞が行う細胞分裂のうち、体細胞が行うのは体細胞分裂ですが、生殖細胞が行うのは何でしょう?,減数分裂,"精子を作ること。
",0,,,,,,,,,0.25794221560160313,0.24429756402969288,0.25118233760198005
QA20CAPR-0167,数学で、小文字では標準偏差を、大文字では合計を表すギリシャ文字は何でしょう?,Σ,サイクリック・アベレージ・シンボル(SQR),0,,,,,,,,,0.4735256522893903,0.39904546638329874,0.44433543582757257
QA20CAPR-0169,ネイザン・ロードやヴィクトリア・ピークなどの観光名所がある、1997年にイギリスから中国に返還された地域はどこでしょう?,香港,"香港です。
",1,,,,,,,,,0.2577838301658627,0.19089436531066947,0.22578114271163985
QA20CAPR-0171,1979年に大阪・梅田に日本初のものがオープンした、客が箱型の簡易ベッドに入って就寝するタイプのホテルを何というでしょう?,カプセルホテル,"カプセルホテル」です。
",1,,,,,,,,,0.09558255275090587,0.13362863858540897,0.11503035426139865
QA20CAPR-0173,英語では「マジック・スクエア」といわれる、タテ・ヨコ・ナナメの合計が同じ数になるように作られたパズルを何というでしょう?,魔方陣,クロスワードパズル,0,,,,,,,,,2.0816681711721685e-16,2.0816681711721685e-16,2.0816681711721685e-16
QA20CAPR-0175,お笑いコンビ・オリエンタルラジオを中心に結成された、ヒット曲『PERFECT HUMAN』で知られるダンス&ボーカルユニットは何でしょう?,RADIO FISH,"RADIO FISHです。
",1,,,,,,,,,0.26683393319447846,0.2150195062160489,0.24247260491053219
QA20CAPR-0177,体を切られても生き続けることから、「ハンザキ」という別名を持つ天然記念物は何でしょう?,オオサンショウウオ,"マンドリルの骨格標本です。
",0,,,,,,,,,0.30142438809076916,0.2514507850011187,0.2817913154760993
QA20CAPR-0179,2008年に起こった世界的な金融危機のことを、きっかけとなったアメリカの投資銀行の名前から「何ショック」というでしょう?,リーマン・ショック,リーマン・ショック,1,,,,,,,,,0.2135038812955219,0.2622352997461951,0.23927002151807106
QA20CAPR-0181,オランダ語で「ロバ」という意味がある、絵を描くときにキャンバスを立てかける三脚の台を何というでしょう?,イーゼル,"スツール・デ・コルヌ・ロバ・スタンド・セット オランダ語で「ロバ」という意味がある、絵を描くときにキャンバスを立てかける三脚の台を何というでしょうか? スツール・デ・コルヌ・ロバ・スタンド・セットです。
","0,0",,,,,,,,,"0.17792920867602022,0.36868409514427236","0.09527846773465477,0.37630016207694966","0.14075223008791574,0.3804810365041096"
QA20CAPR-0183,宮本武蔵と佐々木小次郎が戦った巌流島、平家滅亡の地・壇ノ浦といえば、山口県の何市にある景勝地でしょう?,下関市,下関市,1,,,,,,,,,0.18145654201507574,0.3718568742275233,0.2905831774075824
QA20CAPR-0185,正式名称を「チャンピオンプレス」という、男性のチリチリにした髪型のことを一般には「何パーマ」というでしょう?,パンチパーマ,チリチリパーマネントヘアスタイル,0,,,,,,,,,0.24403956333796173,0.167034943898519,0.208169760306676
QA20CAPR-0187,フォークダンスの定番『マイム・マイム』は、もともとどこの国の曲でしょう?,イスラエル,"メキシコです。
",0,,,,,,,,,0.2942061463991807,0.30896877845128395,0.3039917031923927
QA20CAPR-0189,イタリアの都市ヴェローナを舞台に、モンタギュー家とキャピュレット家に生まれた男女の悲恋を描いた、シェイクスピアの悲劇は何でしょう?,ロミオとジュリエット,ロミオとジュリエット,1,,,,,,,,,2.0816681711721685e-16,2.0816681711721685e-16,2.0816681711721685e-16
QA20CAPR-0191,1853年から56年までウクライナ地方を中心として起こった、白衣の天使・ナイチンゲールが活躍したことでも知られる戦争は何でしょう?,クリミア戦争,クリミア戦争,1,,,,,,,,,0.0035278260707857084,0.004314070940017886,0.003926201661427972
QA20CAPR-0193,JRAでは使える色は4色までと決められている、競馬の騎手がレースで着用する服を何というでしょう?,勝負服 (競馬),ジョッキーベスト,0,,,,,,,,,0.23775625030199676,0.3146460036436717,0.2798408389091493
QA20CAPR-0195,日本人では1974年に佐藤栄作元首相が受賞した、ノーベル賞の中では唯一学問以外のことが対象となっている賞は何でしょう?,ノーベル平和賞,経済学メダル,0,,,,,,,,,0.1210948705673216,0.09819281697273215,0.10989512801170301
QA20CAPR-0197,もともとは競馬で1番の馬の場所に棒を立てていたことに由来する、モータースポーツで予選最高位だった選手が獲得できる最前列のスタート位置を何というでしょう?,ポールポジション,ポールポジション(決勝),1,,,,,,,,,0.2380001624425252,0.27178161541620877,0.2554431080818179
QA20CAPR-0199,「ラティーノ」と呼ばれることもある、スペイン語を母国語とする中南米などからアメリカに移住してきた移民及びその子孫のことを何というでしょう?,ヒスパニック,メキシコ系アメリカ人(メヒコ系アメリカ人),0,,,,,,,,,0.24763337771097807,0.2581481178601586,0.2572057425975793
QA20CAPR-0201,その期間は一般的に1337年から1453年までとされる、かつてフランスとイングランドの間で起こった戦争は何でしょう?,百年戦争,百年戦争,1,,,,,,,,,2.0816681711721685e-16,2.0816681711721685e-16,2.0816681711721685e-16
QA20CAPR-0203,薬物を使用した際に現れる、本来の病気を治す作用とは別の作用のことを一般に何というでしょう?,副作用,"副作用(adverse p副作用)とは、薬物の使用によって引き起こされる有害な影響のことです。
副作用は、治療目的とは異なる効果をもたらすことがあります。
","1,1",,,,,,,,,"0.14137944380442294,0.15450859069824177","0.08353904684384728,0.19278268218040426","0.11358760396639477,0.17420845627784698"
QA20CAPR-0205,「白鷺城」という別名でも知られる、1993年に世界遺産に登録された兵庫県の城はどこでしょう?,姫路城,姫路城,1,,,,,,,,,2.0816681711721685e-16,2.0816681711721685e-16,2.0816681711721685e-16
QA20CAPR-0207,主にアコヤ貝という貝によって養殖され、匁という単位によって重さが表される宝石は何でしょう?,真珠,"真珠です。
",1,,,,,,,,,0.15506447950998992,0.08203766942024215,0.12101284066836075
QA20CAPR-0209,英語で「弾く」という意味がある、タッチパネルで、文字を入力する時に指をなどスライドさせる方法といえば何でしょう?,フリック入力,"タップル・タイピング・モードです。
",0,,,,,,,,,0.2851004183292382,0.26274618307749464,0.27825271884600344
QA20CAPR-0211,日本では辻口博啓、鎧塚俊彦などの人物が有名な、お菓子専門のシェフを意味する言葉は何でしょう?,パティシエ,"パティシエ」です。
",1,,,,,,,,,0.23447170058886235,0.293574213981628,0.26543766657511414
QA20CAPR-0213,アフリカでの野生動物による犠牲者はこの動物のものが最も多いとされている、英語では「ヒポポタマス」という動物は何でしょう?,カバ,象牙海岸象牙海岸象牙海岸象牙海岸象牙海岸象牙海岸象牙海岸象牙海岸象牙海岸象牙海岸象牙海岸象牙海岸象牙海岸象牙海岸象牙海岸象牙海岸象牙海岸象牙海岸象牙海岸象牙海岸象牙海岸象牙海岸象牙海岸象牙海岸象牙海岸象牙海岸象牙海岸象牙海岸象牙海岸象牙海岸象牙海岸象牙海岸象牙海岸象牙海岸象牙海岸象牙海岸象牙海岸象牙海岸象牙海岸象牙海岸象牙海岸象牙海岸象牙,0,,1.0,,,,,,,0.45453023215135,0.35339741110801687,0.4106073041756945
QA20CAPR-0215,カーディフを首都とする、イングランド・スコットランド・北アイルランドとともにイギリスを構成している国は何でしょう?,ウェールズ,"ウェールズです。
",1,,,,,,,,,0.2166018863519033,0.17239291469256046,0.19555356303850835
QA20CAPR-0217,フランスのパリにある美術館で、レオナルド・ダ・ビンチの名画『モナリザ』が収められていることで有名なのはどこでしょう?,ルーヴル美術館,ルーブル美術館,1,,,,,,,,,0.012513091166814413,0.013187833627065201,0.012856018543243572
QA20CAPR-0219,「ワイシャツ」の「ワイ」が表す言葉の意味は何でしょう?,白,"襟飾り。
",0,,,,,,,,,0.24660893678665113,0.26442061662673916,0.25602204799652106
QA20CAPR-0221,昭和33年、ビール製造のベルトコンベアをヒントに大阪の経営者が考案した、客の前に皿に乗った寿司が流れてくるタイプの寿司屋を普通何というでしょう?,回転寿司,"回転寿司屋」といいます。
",1,,,,,,,,,0.10821741024653084,0.12584865490595482,0.11834930976231856
QA20CAPR-0223,英語ではソーセージそのものを指す言葉としても使われる、温めたフランクフルトソーセージを細長いパンに挟んだ料理は何でしょう?,ホットドッグ,"ホットドッグロール。
",0,,,,,,,,,0.2757029732068377,0.31532496809959426,0.29622783859570784
QA20CAPR-0225,オーストラリアのAリーグ、韓国のKリーグクラシック、日本のJ1リーグといえば、何というスポーツのプロリーグでしょう?,サッカー,"サッカーです。
",1,,,,,,,,,-5.960464442844593e-08,-5.960464442844593e-08,-5.960464442844593e-08
QA20CAPR-0227,童話『ちびくろさんぼ』において、ぐるぐる回ったトラが変化した食材は何でしょう?,バター,"にんにくです。
",0,,,,,,,,,0.1343835016091668,0.076375953356425,0.10788714687029567
QA20CAPR-0229,細菌学者サーモンに由来した名を持つ、食中毒の原因となる細菌の一つは何菌でしょう?,サルモネラ,"黄色ブドウ球菌(Staphylococcus aureus)です。
",0,,,,,,,,,0.29995350241661095,0.2960013329982757,0.3015367269515989
QA20CAPR-0231,根が人のような形をしており、引き抜くと悲鳴を上げるという伝説で知られる、錬金術の原料や薬草として使われたという植物は何でしょう?,マンドレイク,オウムガイの殻,0,,,,,,,,,0.19199139873186744,0.26464676459630343,0.2364003141721093
QA20CAPR-0233,1991年に第1作が稼働した、テリー・ボガードなどのキャラクターが登場するSNKの格闘ゲームは何でしょう?,餓狼伝説,"龍虎の拳2です。
",0,,,,,,,,,0.17218387524286988,0.10808146794637066,0.14236217935880058
QA20CAPR-0235,「Google Chrome」や「Internet Explorer」など、インターネットの情報を閲覧するためのソフトを総称して何というでしょう?,ウェブブラウザ,"ブラウザーソフトウェアと呼びます。
",1,,,,,,,,,0.21416658759117096,0.29603832960128734,0.2576326409975687
QA20CAPR-0237,約25%という非常に高い塩分濃度を持つことで知られる、イスラエルとヨルダンの境にある湖は何でしょう?,死海,死海,1,,,,,,,,,2.0816681711721685e-16,2.0816681711721685e-16,2.0816681711721685e-16
QA20CAPR-0239,タイやマレーシアなどの国で盛んに行われている、3人一組のチームがネットを挟んで足や頭を使ってボールを打ち合う球技は何でしょう?,セパタクロー,"フットゴルフ」です。
",0,,,,,,,,,0.3009614129861199,0.28832109173138976,0.295682873328527
QA20CAPR-0241,2008年に夏のオリンピックが開催された都市はどこでしょう?,北京市,"北京です。
",1,,,,,,,,,0.2713777959346772,0.36328572432200146,0.32460576693217036
QA20CAPR-0243,その名前は「Speech Interpretation and Recognition Interface」の略である、iOSに搭載されている音声認識アシスタントは何でしょう?,Siri,"Siriです。
",1,,,,,,,,,0.005447413523992126,0.008048882087071926,0.006811789671580179
QA20CAPR-0245,ギリシャ文字の「オメガ」を使って表される、電気抵抗の単位は何でしょう?,オーム,"Ω(オメガ)です。
",1,,,,,,,,,0.12108992139498362,0.10362866520881645,0.11271335283915214
QA20CAPR-0247,1943年に『姿三四郎』でデビューした、『生きる』『七人の侍』などの作品でも知られる日本を代表する映画監督は誰でしょう?,黒澤明,黒澤明,1,,,,,,,,,5.960464477539063e-08,5.960464477539063e-08,5.960464477539063e-08
QA20CAPR-0249,クリスタルレイクのキャンプ場で起こる惨劇を描く、殺人鬼ジェイソンが登場するホラー映画シリーズといえば何でしょう?,13日の金曜日 (映画),"13日の金曜日です。
",1,1,,,,,,,,0.10225968758265142,0.18762674629688247,0.14989549318949397
QA20CAPR-0251,世界遺産の中でも自然遺産と文化遺産の両方の価値を備えたものを何というでしょう?,複合遺産 (世界遺産),複合遺産,1,1,,,,,,,,0.10615893403689076,0.2723137895266214,0.201890218257904
QA20CAPR-0253,日本国憲法第38条1項に規定されている、自分にとって不利益な供述を強要されない権利を何というでしょう?,黙秘権,黙秘権,1,1,,,,,,,,0.16016147931416813,0.2109896898269648,0.18643939495086728
QA20CAPR-0255,マンションの中でも、建築家のこだわりが前面に現れた特徴的な意匠のものを特に何マンションというでしょう?,デザイナーズマンション,ザ・パークハウス西麻布霞町,0,,,,,,,,,0.16178767681121847,0.21476405262947057,0.18922236363093028
QA20CAPR-0257,そのタイトルは「ファーストキスの長さ」を意味している、2015年にリリースされたHKT48の5枚目のシングルは何でしょう?,12秒,桜の花びらたち/Teacher Teacher Strawberry Train/ノースリーブス,0,,,,,,,,,0.4831071883440018,0.4330462098121643,0.465784395734469
QA20CAPR-0259,グリム童話『狼と七ひきの子やぎ』で、狼が声をきれいにするために食べたものは何でしょう?,チョーク,"パンくず。
",0,,,,,,,,,0.2015225887298588,0.2017902374267571,0.20166152517000768
QA20CAPR-0261,青森県の国道339号線は、途中にこれがあることが一部で知られている、普通は、建物の階と階とを移動するために設置されているものといえば何でしょう?,階段,"エレベーターです。
",0,,,,,,,,,4.569689437960989e-08,4.569689437960989e-08,4.569689437960989e-08
QA20CAPR-0263,歌舞伎俳優や落語家が、自分の父や師匠の名前を継承することを何というでしょう?,襲名,"襲名披露公演(かぶきへんけいえんだん)といいます。
",0,,,,,,,,,0.33907721042633016,0.15891063213348416,0.2656097292900078
QA20CAPR-0265,グレートサンディ砂漠やグレートビクトリア砂漠がある、南半球の国はどこでしょう?,オーストラリア,オーストラリア,1,,,,,,,,,0.09984229604403227,0.18448390165964768,0.14492429892222114
QA20CAPR-0267,村人の兵十といたずらものの狐を主人公とする、新美南吉の児童文学は何でしょう?,ごん狐,"ごんぎつねです。
",1,,,,,,,,,0.24214312632878604,0.3999897718429566,0.3456246038277946
QA20CAPR-0269,創設者アンリ・デュナンの出身国であるスイスの国旗を反転させたマークを使用している、国際的な人道支援団体は何でしょう?,赤十字社,"赤十字社です。
",1,,,,,,,,,0.17700359423955284,0.24387658039728805,0.2126409947872155
QA20CAPR-0271,新聞や雑誌などでスクープすることを「スッパ抜く」といいますが、この「スッパ」とはどんな人のことを指すでしょう?,忍者,"足の裏を見せること。
",0,,,,,,,,,0.29115642309188805,0.29902645548184736,0.2979778945446008
QA20CAPR-0273,叩くと音がするほど堅く編んだところからその名がついた、麦わら帽子の一種は何でしょう?,カンカン帽,コルク帽,0,,,,,,,,,0.20011870066324827,0.2600105802218115,0.23297011057535869
QA20CAPR-0275,最後は豊臣秀吉の怒りを買い切腹させられたという、わび茶の概念を大成させた安土桃山時代の有名な茶人は誰でしょう?,千利休,千利休,1,,,,,,,,,-2.3841857867135108e-07,-2.3841857867135108e-07,-2.3841857867135108e-07
QA20CAPR-0277,19世紀にロンドン動物園で飼育されていたアフリカ象に付けられた名前で、現在では大きなもの、特に大型旅客機を指す言葉になっているのは何でしょう?,ジャンボ,"ジャンボジェット機」です。
",0,,,,,,,,,0.16908264160156303,0.09153074026107741,0.13203549385070756
QA20CAPR-0279,クリスマスによくドアなどに飾られる、花や枝を編みこむように作った円形の飾りを何というでしょう?,リース (装飾),リースリング・リング・オブ・ライト,0,,,,,,,,,0.2634591360886891,0.3210002601146696,0.2937961757183076
QA20CAPR-0281,古代ローマが共和政から帝政へと移行する転機となった、紀元前31年、オクタビアヌスがアントニウスとクレオパトラ連合軍を破った戦いを何というでしょう?,アクティウムの海戦,アクタイオンの戦い(紀元前30年),0,,,,,,,,,0.26537787119547507,0.21176981131235764,0.23951744635899863
QA20CAPR-0283,第1回のノーベル物理学賞を受賞した、X線の発見者であるドイツの物理学者は誰でしょう?,ヴィルヘルム・レントゲン,アーネスト・ラザフォード,0,,,,,,,,,2.0816681711721685e-16,2.0816681711721685e-16,2.0816681711721685e-16
QA20CAPR-0285,兵法書の『五輪書』を残したことでも知られる、佐々木小次郎との「巌流島の決闘」で有名な剣豪は誰でしょう?,宮本武蔵,宮本武蔵,1,,,,,,,,,2.0816681711721685e-16,2.0816681711721685e-16,2.0816681711721685e-16
QA20CAPR-0287,ゲームクリエイターの薗部博之が開発した、「ダビスタ」の通称で親しまれている競馬シミュレーションゲームシリーズは何でしょう?,ダービースタリオン,ダービースタリオン2,0,,,,,,,,,0.07149947484334332,0.17479783296585058,0.13245306213696778
QA20CAPR-0289,ユダヤ教・キリスト教・イスラム教がともに聖地としている、イスラエルの都市はどこでしょう?,エルサレム,テルアビブ,0,,,,,,,,,0.21194724440574703,0.22046277523040858,0.216231536865234
QA20CAPR-0291,弟に同じく作家の精二を持つ、『春琴抄』『細雪』などの作品で知られる人物といえば誰でしょう?,谷崎潤一郎,谷崎潤一郎,1,,,,,,,,,2.0816681711721685e-16,2.0816681711721685e-16,2.0816681711721685e-16
QA20CAPR-0293,得意になってうぬぼれることを、ある妖怪に例えて「何になる」というでしょう?,天狗,"化け物になる。
",0,,,,,,,,,0.22206061482429465,0.1414736628532406,0.18381805022557632
QA20CAPR-0295,家電製品の「アイロン」と、ゴルフクラブの「アイアン」は、ともにどんな金属を意味する言葉でしょう?,鉄,鉄,1,,,,,,,,,0.21226927638053872,0.28840721646944684,0.2525068600972495
QA20CAPR-0297,ホール・エルー法などによってボーキサイトから製造される、1円玉の原料になっている金属は何でしょう?,アルミニウム,アルミニウム,1,,,,,,,,,2.0816681711721685e-16,2.0816681711721685e-16,2.0816681711721685e-16
QA20CAPR-0299,日本語では「立体派」と呼ばれる、ジョルジュ・ブラックやパブロ・ピカソによって創始された20世紀の美術運動は何でしょう?,キュビスム,キュビズム,1,,,,,,,,,2.0816681711721685e-16,2.0816681711721685e-16,2.0816681711721685e-16
QA20CAPR-0301,ウニやイクラが代表的な、シャリの横側をぐるりと海苔で巻き、上にネタを載せた寿司の一種を何というでしょう?,軍艦巻,軍艦巻き(海苔巻き),1,,,,,,,,,0.197734598318736,0.3008638064066577,0.2533331930637363
QA20CAPR-0303,1994年にシングル『LOVE YOU ONLY』でCDデビューした、テレビ番組『ザ!鉄腕!DASH!!』への出演で知られるアイドルグループは何でしょう?,TOKIO,SPEED,0,,,,,,,,,0.280960913499196,0.30174106657505,0.29326780239740996
QA20CAPR-0307,江戸川乱歩の小説で、怪人二十面相と対決する、探偵の名前は何でしょう?,明智小五郎,明智小五郎,1,,,,,,,,,0.004652184247970592,0.010149478912353516,0.007692168156305967
QA20CAPR-0309,七福神の中で唯一実在したといわれる神様で、大きな袋を背負った太鼓腹の僧侶として描かれるのは何でしょう?,布袋,"布袋尊(ほていそん)です。
",1,,,,,,,,,0.26170027852058386,0.2032967865467073,0.23440578381220478
QA20CAPR-0311,ドイツの労働者に好まれた「タルタルステーキ」が起源といわれる肉料理で、発祥地となったドイツの町「ハンブルク」が名前の由来となっているのは何でしょう?,ハンバーグ,"ハンブルガー・フライシュバインです。
",0,,,,,,,,,0.39140506585439017,0.4313153803348542,0.41332603494326275
QA20CAPR-0313,18歳未満は絶対に達成することが出来ない、ゴルフで自分の年齢より少ない打数でホールアウトすることを何というでしょう?,エージシュート,"パーセーブ・ザ・チルドレン・オブ・ゴルフ(PGA)」といいます。
",0,,,,,,,,,0.3430324733257288,0.2257497946421302,0.3131207903226222
QA20CAPR-0315,かつては文字通り「島」であったが、1914年の噴火で大隅半島と陸続きになった火山は何でしょう?,桜島,桜島,1,,,,,,,,,2.0816681711721685e-16,2.0816681711721685e-16,2.0816681711721685e-16
QA20CAPR-0317,続編として「大」「超」「極」などのタイトルが制作された、さらわれたプリンセスを助け出すため魔王に挑む騎士・アーサーの姿を描く、カプコンの名作アクションゲームは何でしょう?,魔界村,"ロックマン2です。
",0,1,,まあゲームだし関係ある？,,,,,,0.15270950992902177,0.10151338179906236,0.12786215941111198
QA20CAPR-0319,「ネシテラス・ロムボプテリックス」という仮の学名がつけられていた、スコットランドの湖・ネス湖に棲息すると信じられていた架空の生物は何でしょう?,ネッシー,プレシオサウルス・ロムスボプテリックス,0,,,,,,,,,0.41503526767095006,0.4301363547643029,0.4251175840695703
QA20CAPR-0321,「北の剛拳」「リアルはじめの一歩」などの愛称で親しまれ、亀田三兄弟の次男・大毅に勝利したことで国民的な人気者となったボクシングの元世界王者は誰でしょう?,内藤大助,内藤 大毅,0,,,,,,,,,0.3447859942913057,0.3799816211064655,0.36357244849205
QA20CAPR-0323,その社名には「運を天に任せる」という意味があると言われている、数々の名作テレビゲームを生み出している日本のメーカーはどこでしょう?,任天堂,"任天堂株式会社です。
",1,,,,,,,,,0.13175010283788052,0.0708296398321788,0.10417179465293865
QA20CAPR-0325,ある物質1gの温度を1°C上昇させるために必要な熱量のことを何容量というでしょう?,比熱容量,"ジュール/kg(cal) = 1/10^(3) = 1/20です。
したがって、答えは1/20です。
","0,0",,,,,,,,,"0.29462595780690465,0.20163373549779312","0.2620709578196213,0.2050488154093426","0.27873600721359193,0.20335258046785953"
QA20CAPR-0327,フランスではウェディングケーキとして食べられることもある、小さなシュークリームを積み重ねて作られたケーキのことを何というでしょう?,クロカンブッシュ,フォレ・デュ・シュー・ド・ラ・クレーム・デ・コルヌ・ヴィヴァン・デュ・ルージュ・エ・コルヌ・ヴィヴァン・デュ・ルージュ・エ・コルヌ・ヴィヴァン・デュ・ルージュ・エ・コルヌ・ヴィヴァン・デュ・ルージュ・エ・コルヌ・ヴィヴァン・デュ・ルージュ・エ・コルヌ・ヴィヴァン・デュ・ルージュ・エ・コルヌ・ヴィヴァン・デュ・ルージュ・エ・コルヌ・ヴィヴァン・デュ・ルージュ・エ・コルヌ・ヴィヴァン・デュ・,0,,1.0,,,,,,,0.245441379149755,0.22575506567955014,0.2359246532122295
QA20CAPR-0329,1950年代に日本の映画業界で使われた宣伝文句がその語源である、毎年4月末から5月にわたる大型連休の通称は何でしょう?,ゴールデンウィーク,"ゴールデンウィーク。
",1,,,,,,,,,0.011459598938624208,0.02523293892542537,0.019055293003718235
QA20CAPR-0331,背中に青い印が付いた「良いオバケ」と赤い印が付いた「悪いオバケ」の駒を取り合っていく、ドイツ語で「幽霊」という意味があるボードゲームは何でしょう?,ガイスター,トリック・オア・トリート・オバケ・ナイトメア,0,,,,,,,,,0.21394931674003542,0.1633431712786353,0.19123403032620714
QA20CAPR-0333,童謡『かわいい魚屋さん』で、かわいい魚屋さんが売っている4つとは、大鯛、小鯛、タコと何でしょう?,サバ,"金目鯛です。
",0,,,,,,,,,0.006293165683746542,0.0035538911819460103,0.004989558458328457
QA20CAPR-0335,土木・建築工事において、高い所での作業を得意とする職人のことを、ある鳥の名前を用いて何というでしょう?,鳶職,"鳶職(とびしょくにん)と呼ばれています。
",1,,,,,,,,,0.1581511497497564,0.07318161924680033,0.11831431587537171
QA20CAPR-0337,2015年の「よしもと男前ブサイク芸人グランプリ」の「ぶちゃいく部門」で3年連続となる1位を獲得し殿堂入りを果たした、箕輪はるかとともにお笑いコンビ「ハリセンボン」を結成している人物は誰でしょう?,近藤春菜,近藤春菜,1,,,,,,,,,0.20109355449676486,0.2174618244171147,0.20936238765716614
QA20CAPR-0339,慣用句で、生きている内は黒い状態であり、怒ったときには角を立て、厳しく監視する時には光らせる、体の部分はどこでしょう?,目,"頭蓋骨と脊椎です。
",0,,,,,,,,,0.1480570872624716,0.10521092017491619,0.1559051493803657
QA20CAPR-0341,カレーライスの付け合わせとしてよく用いられる、別名を「オオニラ」や「サトニラ」という食べ物は何でしょう?,ラッキョウ,"ラッキョウです。
",1,,,,,,,,,0.29778082370758,0.30332054098447186,0.30064624349276203
QA20CAPR-0343,「かわわらわ」がなまってそう呼ばれるようになったとも言われ、漢字でも「かわわらわ」と書く、伝説上の生き物といえば何でしょう?,河童,龍蛇族,0,,,,,,,,,0.27444183826446594,0.3282859921455389,0.3024105052153263
QA20CAPR-0345,相撲で、取組前などに力士が口をすすいだりする水のことを何というでしょう?,力水 (相撲),"うがい手当(うがい)といいます。
",0,,,,,,,,,0.1717647969722747,0.18701056440671276,0.18177794615427662
QA20CAPR-0347,色の種類で、サーモンピンクのサーモンは鮭のことですが、コーラルピンクのコーラルはどんな動物のことでしょう?,サンゴ,海藻類,0,,,,,,,,,0.2816452006498978,0.3303272763888037,0.3109379609425862
QA20CAPR-0351,数字の並びによって電卓型と電話型に大別される、フルサイズキーボードの右側に配置されており、数字の打ち込みに特化したキーを何というでしょう?,テンキー,"テンキーパッド(Tank-key pad)です。
",1,,,,,,,,,0.28504931330680866,0.21753590504328418,0.2562887887159982
QA20CAPR-0353,代表作に『うちの大家族』や『信長の忍び』がある漫画家は誰でしょう?,重野なおき,島本和彦,0,,,,,,,,,0.1365908265113832,0.14395400285720866,0.1407407164573673
QA20CAPR-0355,昭和33年に333mの高さで完成した、日本を代表する観光名所ともなっている鉄塔は何でしょう?,東京タワー,東京タワー,1,,,,,,,,,2.0816681711721685e-16,2.0816681711721685e-16,2.0816681711721685e-16
QA20CAPR-0357,部活に在籍はしているものの、活動にはほとんど参加しない部員を、架空の存在に例えて何部員というでしょう?,幽霊,幽霊部員,1,,,,,,,,,2.0816681711721685e-16,-7.947285760034895e-09,-7.947285760034895e-09
QA20CAPR-0359,かつて新聞が1部4ページだった頃に、3ページ目が社会面だったことに由来する、社会の一般的な事件を取り扱った記事を指す言葉は何でしょう?,三面記事,"三面記事新聞(さんめんじけんしんぶん)とは、19世紀後半から20世紀初頭にかけて、新聞紙上に社会面の3つのセクションを持っていた新聞のスタイルです。
このスタイルは、社会の出来事を広く報道するために新聞が始めたものです。
新聞は、社会の重要なニュースや事件を広く報道し、大衆の注目を集めることを目的としていました。
新聞はまた、社会の様々な側面についての記事も掲載しており、社会の重要な問題に関する論評や解説も含まれていました。
","0,0,1,1",,,,,,,,,"0.3552269876003263,0.25268840988477065,0.2907441318035123,0.2558665911356608","0.2541640082995103,0.2519801298777263,0.25835230350494415,0.24910178383191411","0.3090562601884205,0.2561555643876393,0.27958820064862583,0.2549827535947164"
QA20CAPR-0361,昭和30年に新村出によって初めて編纂された、日本を代表する国語辞典は何でしょう?,広辞苑,"広辞苑です。
",1,,,,,,,,,0.07278699874877895,0.08954050143559739,0.0822157820065815
QA20CAPR-0363,インドネシアでは国技となっている、ネットを挟んでシャトルコックを打ち合う競技といえば何でしょう?,バドミントン,"バドミントンです。
",1,,,,,,,,,0.02325718005498255,0.013659751415252698,0.018658920129140263
QA20CAPR-0365,情熱を表した赤い星と、精密さを表した青い星のマークでおなじみの、プラモデルやミニ四駆の製造で世界的に知られるメーカーは何でしょう?,タミヤ,"タミヤです。
",1,,,,,,,,,2.0816681711721685e-16,2.0816681711721685e-16,2.0816681711721685e-16
QA20CAPR-0367,2020年東京オリンピック・パラリンピックの公式エンブレムである、市松模様が特徴的なエンブレムを考案したデザイナーは誰でしょう?,野老朝雄,"野老朝雄氏。
",1,,,,,,,,,0.22373490929603573,0.33907169898351014,0.2881812830766039
QA20CAPR-0369,作家・柳田理科雄の出身地である鹿児島県の島で、JAXAの宇宙センターがあることで知られるのはどこでしょう?,種子島,"種子島宇宙センターです。
",1,,,,,,,,,0.10648136933644642,0.07569376230239849,0.09205703536669402
QA20CAPR-0371,昆虫などが、ほかの生物や無生物などとそっくりの形や色彩、行動をもち、外敵をだます行動を何というでしょう?,擬態,"擬態(ぎたい)とは、周囲の環境に合わせたさまざまな形状や色彩の変化によって、捕食者や獲物から発見されにくくする行為です。
",1,,,,,,,,,0.37747605840365056,0.13421321511268666,0.28113991618156375
QA20CAPR-0373,1900年に自動車での旅行を活性化するために始めたレストランのガイドブックが現在は世界的に広まっている、フランスのタイヤメーカーといえば何でしょう?,ミシュラン,"ミシュランタイヤです。
",0,,,,,,,,,0.13904535770416343,0.07383823394775449,0.10763144493103073
QA20CAPR-0375,1984年に竣工した、大相撲の本場所が行われる東京都墨田区にある施設は何でしょう?,両国国技館,"両国国技館です。
",1,,,,,,,,,0.17361146211624123,0.09425753355026195,0.1357522010803217
QA20CAPR-0377,プロ野球のシーズンオフに行われる選手の引き抜き合戦のことを、ある暖房器具に引っかけて何というでしょう?,ストーブリーグ,"ウィンタースポーツ」と言います。
",0,,,,,,,,,0.19850815335909525,0.2640457868576048,0.2404253502686819
QA20CAPR-0379,矢澤芸術学院に通う高校生の幸田実果子を主人公とする、矢沢あいの漫画は何でしょう?,ご近所物語,"NANAです。
",0,,,,,,,,,0.017389333248138593,0.018004743258158505,0.01778651277224235
QA20CAPR-0381,1991年にグレグ・リチャードソンにTKO勝ちしてWBC世界バンタム級王者となった、「浪速のジョー」の愛称で知られるプロボクサーは誰でしょう?,辰吉丈一郎,山中慎介,0,,,,,,,,,0.32842022180557195,0.3763202756643302,0.3536486546198529
